{
    "perClass": {
        "unique": {
            "randomState": 1337, 
            "observations": {
                "PercentSalaryHike": [
                    "18.0", 
                    "11.0", 
                    "11.0", 
                    "11.0", 
                    "16.0", 
                    "11.0", 
                    "22.0", 
                    "11.0", 
                    "13.0", 
                    "11.0", 
                    "12.0", 
                    "13.0", 
                    "23.0", 
                    "13.0", 
                    "13.0", 
                    "24.0", 
                    "12.0", 
                    "19.0", 
                    "15.0", 
                    "17.0", 
                    "18.0", 
                    "14.0", 
                    "19.0", 
                    "12.0", 
                    "11.0", 
                    "21.0", 
                    "14.0", 
                    "15.0"
                ], 
                "RelationshipSatisfaction": [
                    "2.0", 
                    "3.0", 
                    "2.0", 
                    "1.0", 
                    "3.0", 
                    "2.0", 
                    "4.0", 
                    "1.0", 
                    "2.0", 
                    "3.0", 
                    "3.0", 
                    "2.0", 
                    "3.0", 
                    "4.0", 
                    "2.0", 
                    "3.0", 
                    "4.0", 
                    "4.0", 
                    "2.0", 
                    "4.0", 
                    "2.0", 
                    "1.0", 
                    "2.0", 
                    "3.0", 
                    "3.0", 
                    "3.0", 
                    "1.0", 
                    "4.0"
                ], 
                "YearsSinceLastPromotion": [
                    "0.0", 
                    "1.0", 
                    "0.0", 
                    "2.0", 
                    "11.0", 
                    "0.0", 
                    "11.0", 
                    "4.0", 
                    "0.0", 
                    "0.0", 
                    "6.0", 
                    "1.0", 
                    "0.0", 
                    "7.0", 
                    "0.0", 
                    "0.0", 
                    "4.0", 
                    "3.0", 
                    "0.0", 
                    "13.0", 
                    "1.0", 
                    "0.0", 
                    "3.0", 
                    "7.0", 
                    "2.0", 
                    "0.0", 
                    "0.0", 
                    "1.0"
                ], 
                "EnvironmentSatisfaction": [
                    "3.0", 
                    "3.0", 
                    "1.0", 
                    "4.0", 
                    "4.0", 
                    "3.0", 
                    "3.0", 
                    "1.0", 
                    "4.0", 
                    "4.0", 
                    "3.0", 
                    "4.0", 
                    "4.0", 
                    "1.0", 
                    "4.0", 
                    "1.0", 
                    "1.0", 
                    "1.0", 
                    "4.0", 
                    "4.0", 
                    "4.0", 
                    "2.0", 
                    "4.0", 
                    "2.0", 
                    "4.0", 
                    "3.0", 
                    "4.0", 
                    "2.0"
                ], 
                "MonthlyRate": [
                    "23213.0", 
                    "15970.0", 
                    "11539.0", 
                    "8319.0", 
                    "7060.0", 
                    "3339.0", 
                    "14115.0", 
                    "15986.0", 
                    "6812.0", 
                    "6842.0", 
                    "19124.0", 
                    "5404.0", 
                    "12106.0", 
                    "24666.0", 
                    "7324.0", 
                    "18016.0", 
                    "15596.0", 
                    "5949.0", 
                    "2396.0", 
                    "14399.0", 
                    "19783.0", 
                    "8800.0", 
                    "16177.0", 
                    "8053.0", 
                    "25326.0", 
                    "25291.0", 
                    "17456.0", 
                    "19461.0"
                ], 
                "Over18": [
                    "Y", 
                    "Y", 
                    "Y", 
                    "Y", 
                    "Y", 
                    "Y", 
                    "Y", 
                    "Y", 
                    "Y", 
                    "Y", 
                    "Y", 
                    "Y", 
                    "Y", 
                    "Y", 
                    "Y", 
                    "Y", 
                    "Y", 
                    "Y", 
                    "Y", 
                    "Y", 
                    "Y", 
                    "Y", 
                    "Y", 
                    "Y", 
                    "Y", 
                    "Y", 
                    "Y", 
                    "Y"
                ], 
                "Department": [
                    "Research & Development", 
                    "Research & Development", 
                    "Research & Development", 
                    "Sales", 
                    "Research & Development", 
                    "Research & Development", 
                    "Research & Development", 
                    "Sales", 
                    "Sales", 
                    "Research & Development", 
                    "Research & Development", 
                    "Sales", 
                    "Research & Development", 
                    "Sales", 
                    "Research & Development", 
                    "Research & Development", 
                    "Sales", 
                    "Research & Development", 
                    "Research & Development", 
                    "Research & Development", 
                    "Research & Development", 
                    "Sales", 
                    "Sales", 
                    "Sales", 
                    "Research & Development", 
                    "Sales", 
                    "Sales", 
                    "Sales"
                ], 
                "JobLevel": [
                    "1", 
                    "5", 
                    "1", 
                    "1", 
                    "4", 
                    "1", 
                    "4", 
                    "3", 
                    "3", 
                    "1", 
                    "2", 
                    "4", 
                    "1", 
                    "3", 
                    "1", 
                    "1", 
                    "4", 
                    "5", 
                    "1", 
                    "4", 
                    "1", 
                    "2", 
                    "2", 
                    "3", 
                    "1", 
                    "3", 
                    "2", 
                    "2"
                ], 
                "TotalWorkingYears": [
                    "1.0", 
                    "25.0", 
                    "7.0", 
                    "3.0", 
                    "21.0", 
                    "6.0", 
                    "22.0", 
                    "28.0", 
                    "12.0", 
                    "5.0", 
                    "14.0", 
                    "26.0", 
                    "1.0", 
                    "9.0", 
                    "1.0", 
                    "1.0", 
                    "23.0", 
                    "22.0", 
                    "7.0", 
                    "23.0", 
                    "1.0", 
                    "5.0", 
                    "9.0", 
                    "12.0", 
                    "2.0", 
                    "10.0", 
                    "5.0", 
                    "11.0"
                ], 
                "JobInvolvement": [
                    "1.0", 
                    "4.0", 
                    "3.0", 
                    "3.0", 
                    "2.0", 
                    "2.0", 
                    "2.0", 
                    "3.0", 
                    "3.0", 
                    "3.0", 
                    "2.0", 
                    "3.0", 
                    "3.0", 
                    "3.0", 
                    "4.0", 
                    "3.0", 
                    "3.0", 
                    "3.0", 
                    "2.0", 
                    "3.0", 
                    "2.0", 
                    "2.0", 
                    "3.0", 
                    "3.0", 
                    "2.0", 
                    "2.0", 
                    "3.0", 
                    "3.0"
                ], 
                "MaritalStatus": [
                    "Single", 
                    "Married", 
                    "Married", 
                    "Single", 
                    "Married", 
                    "Single", 
                    "Married", 
                    "Divorced", 
                    "Divorced", 
                    "Single", 
                    "Married", 
                    "Married", 
                    "Married", 
                    "Divorced", 
                    "Divorced", 
                    "Single", 
                    "Married", 
                    "Divorced", 
                    "Single", 
                    "Married", 
                    "Single", 
                    "Married", 
                    "Married", 
                    "Married", 
                    "Single", 
                    "Divorced", 
                    "Married", 
                    "Divorced"
                ], 
                "OverTime": [
                    "Yes", 
                    "No", 
                    "Yes", 
                    "Yes", 
                    "No", 
                    "Yes", 
                    "No", 
                    "No", 
                    "No", 
                    "Yes", 
                    "No", 
                    "No", 
                    "Yes", 
                    "No", 
                    "Yes", 
                    "Yes", 
                    "No", 
                    "No", 
                    "Yes", 
                    "No", 
                    "Yes", 
                    "No", 
                    "No", 
                    "No", 
                    "Yes", 
                    "No", 
                    "No", 
                    "No"
                ], 
                "PerformanceRating": [
                    "3", 
                    "3", 
                    "3", 
                    "3", 
                    "3", 
                    "3", 
                    "4", 
                    "3", 
                    "3", 
                    "3", 
                    "3", 
                    "3", 
                    "4", 
                    "3", 
                    "3", 
                    "4", 
                    "3", 
                    "3", 
                    "3", 
                    "3", 
                    "3", 
                    "3", 
                    "3", 
                    "3", 
                    "3", 
                    "4", 
                    "3", 
                    "3"
                ], 
                "StockOptionLevel": [
                    "0", 
                    "1", 
                    "0", 
                    "0", 
                    "1", 
                    "0", 
                    "1", 
                    "1", 
                    "1", 
                    "0", 
                    "1", 
                    "1", 
                    "1", 
                    "1", 
                    "2", 
                    "0", 
                    "1", 
                    "1", 
                    "0", 
                    "1", 
                    "0", 
                    "2", 
                    "1", 
                    "1", 
                    "0", 
                    "1", 
                    "2", 
                    "1"
                ], 
                "WorkLifeBalance": [
                    "1.0", 
                    "3.0", 
                    "3.0", 
                    "4.0", 
                    "3.0", 
                    "3.0", 
                    "2.0", 
                    "4.0", 
                    "3.0", 
                    "2.0", 
                    "3.0", 
                    "4.0", 
                    "3.0", 
                    "3.0", 
                    "2.0", 
                    "1.0", 
                    "3.0", 
                    "3.0", 
                    "3.0", 
                    "3.0", 
                    "3.0", 
                    "3.0", 
                    "4.0", 
                    "3.0", 
                    "4.0", 
                    "2.0", 
                    "3.0", 
                    "3.0"
                ], 
                "Gender": [
                    "Male", 
                    "Male", 
                    "Female", 
                    "Female", 
                    "Female", 
                    "Male", 
                    "Male", 
                    "Male", 
                    "Male", 
                    "Male", 
                    "Female", 
                    "Female", 
                    "Male", 
                    "Male", 
                    "Male", 
                    "Male", 
                    "Male", 
                    "Male", 
                    "Male", 
                    "Male", 
                    "Female", 
                    "Male", 
                    "Male", 
                    "Female", 
                    "Female", 
                    "Male", 
                    "Male", 
                    "Female"
                ], 
                "Age": [
                    "26.0", 
                    "45.0", 
                    "30.0", 
                    "31.0", 
                    "39.0", 
                    "33.0", 
                    "40.0", 
                    "46.0", 
                    "35.0", 
                    "28.0", 
                    "32.0", 
                    "45.0", 
                    "38.0", 
                    "37.0", 
                    "22.0", 
                    "32.0", 
                    "46.0", 
                    "40.0", 
                    "37.0", 
                    "42.0", 
                    "20.0", 
                    "37.0", 
                    "45.0", 
                    "30.0", 
                    "21.0", 
                    "31.0", 
                    "33.0", 
                    "38.0"
                ], 
                "YearsWithCurrManager": [
                    "0.0", 
                    "7.0", 
                    "1.0", 
                    "2.0", 
                    "8.0", 
                    "2.0", 
                    "11.0", 
                    "3.0", 
                    "8.0", 
                    "2.0", 
                    "8.0", 
                    "1.0", 
                    "0.0", 
                    "7.0", 
                    "0.0", 
                    "1.0", 
                    "9.0", 
                    "9.0", 
                    "0.0", 
                    "7.0", 
                    "0.0", 
                    "3.0", 
                    "7.0", 
                    "4.0", 
                    "2.0", 
                    "1.0", 
                    "3.0", 
                    "7.0"
                ], 
                "DailyRate": [
                    "471.0", 
                    "252.0", 
                    "138.0", 
                    "1060.0", 
                    "466.0", 
                    "1198.0", 
                    "530.0", 
                    "377.0", 
                    "882.0", 
                    "791.0", 
                    "859.0", 
                    "1234.0", 
                    "1490.0", 
                    "142.0", 
                    "1123.0", 
                    "374.0", 
                    "406.0", 
                    "1416.0", 
                    "1373.0", 
                    "469.0", 
                    "871.0", 
                    "589.0", 
                    "561.0", 
                    "1339.0", 
                    "984.0", 
                    "688.0", 
                    "430.0", 
                    "1009.0"
                ], 
                "BusinessTravel": [
                    "Travel_Rarely", 
                    "Travel_Rarely", 
                    "Travel_Rarely", 
                    "Travel_Frequently", 
                    "Travel_Rarely", 
                    "Travel_Rarely", 
                    "Travel_Frequently", 
                    "Travel_Rarely", 
                    "Travel_Rarely", 
                    "Travel_Frequently", 
                    "Travel_Rarely", 
                    "Travel_Rarely", 
                    "Travel_Frequently", 
                    "Non-Travel", 
                    "Non-Travel", 
                    "Travel_Rarely", 
                    "Travel_Rarely", 
                    "Travel_Rarely", 
                    "Travel_Rarely", 
                    "Travel_Rarely", 
                    "Travel_Frequently", 
                    "Travel_Rarely", 
                    "Travel_Rarely", 
                    "Travel_Rarely", 
                    "Travel_Rarely", 
                    "Travel_Rarely", 
                    "Travel_Frequently", 
                    "Travel_Rarely"
                ], 
                "JobSatisfaction": [
                    "4.0", 
                    "4.0", 
                    "3.0", 
                    "2.0", 
                    "4.0", 
                    "1.0", 
                    "2.0", 
                    "4.0", 
                    "4.0", 
                    "3.0", 
                    "3.0", 
                    "4.0", 
                    "4.0", 
                    "2.0", 
                    "4.0", 
                    "4.0", 
                    "3.0", 
                    "3.0", 
                    "3.0", 
                    "1.0", 
                    "4.0", 
                    "2.0", 
                    "2.0", 
                    "4.0", 
                    "2.0", 
                    "4.0", 
                    "1.0", 
                    "1.0"
                ], 
                "HourlyRate": [
                    "66.0", 
                    "70.0", 
                    "48.0", 
                    "54.0", 
                    "65.0", 
                    "100.0", 
                    "78.0", 
                    "52.0", 
                    "92.0", 
                    "44.0", 
                    "98.0", 
                    "90.0", 
                    "42.0", 
                    "69.0", 
                    "96.0", 
                    "87.0", 
                    "52.0", 
                    "49.0", 
                    "92.0", 
                    "35.0", 
                    "66.0", 
                    "46.0", 
                    "61.0", 
                    "41.0", 
                    "70.0", 
                    "44.0", 
                    "54.0", 
                    "31.0"
                ], 
                "EducationField": [
                    "Technical Degree", 
                    "Other", 
                    "Life Sciences", 
                    "Life Sciences", 
                    "Life Sciences", 
                    "Other", 
                    "Life Sciences", 
                    "Marketing", 
                    "Life Sciences", 
                    "Medical", 
                    "Life Sciences", 
                    "Life Sciences", 
                    "Life Sciences", 
                    "Medical", 
                    "Medical", 
                    "Life Sciences", 
                    "Marketing", 
                    "Medical", 
                    "Other", 
                    "Medical", 
                    "Life Sciences", 
                    "Marketing", 
                    "Other", 
                    "Life Sciences", 
                    "Technical Degree", 
                    "Life Sciences", 
                    "Medical", 
                    "Life Sciences"
                ], 
                "JobRole": [
                    "Laboratory Technician", 
                    "Manager", 
                    "Research Scientist", 
                    "Sales Representative", 
                    "Manufacturing Director", 
                    "Research Scientist", 
                    "Healthcare Representative", 
                    "Sales Executive", 
                    "Sales Executive", 
                    "Laboratory Technician", 
                    "Manufacturing Director", 
                    "Manager", 
                    "Laboratory Technician", 
                    "Sales Executive", 
                    "Laboratory Technician", 
                    "Laboratory Technician", 
                    "Manager", 
                    "Research Director", 
                    "Laboratory Technician", 
                    "Manager", 
                    "Laboratory Technician", 
                    "Sales Executive", 
                    "Sales Executive", 
                    "Sales Executive", 
                    "Research Scientist", 
                    "Manager", 
                    "Sales Executive", 
                    "Sales Executive"
                ], 
                "NumCompaniesWorked": [
                    "1.0", 
                    "0.0", 
                    "4.0", 
                    "1.0", 
                    "1.0", 
                    "3.0", 
                    "1.0", 
                    "4.0", 
                    "6.0", 
                    "0.0", 
                    "1.0", 
                    "3.0", 
                    "1.0", 
                    "1.0", 
                    "1.0", 
                    "1.0", 
                    "3.0", 
                    "0.0", 
                    "6.0", 
                    "0.0", 
                    "1.0", 
                    "1.0", 
                    "0.0", 
                    "2.0", 
                    "1.0", 
                    "9.0", 
                    "0.0", 
                    "3.0"
                ], 
                "YearsInCurrentRole": [
                    "0.0", 
                    "0.0", 
                    "2.0", 
                    "2.0", 
                    "6.0", 
                    "2.0", 
                    "3.0", 
                    "7.0", 
                    "9.0", 
                    "2.0", 
                    "13.0", 
                    "3.0", 
                    "0.0", 
                    "5.0", 
                    "0.0", 
                    "0.0", 
                    "9.0", 
                    "7.0", 
                    "0.0", 
                    "6.0", 
                    "0.0", 
                    "2.0", 
                    "7.0", 
                    "9.0", 
                    "2.0", 
                    "4.0", 
                    "3.0", 
                    "7.0"
                ], 
                "YearsAtCompany": [
                    "1.0", 
                    "24.0", 
                    "5.0", 
                    "3.0", 
                    "21.0", 
                    "3.0", 
                    "22.0", 
                    "7.0", 
                    "10.0", 
                    "4.0", 
                    "14.0", 
                    "9.0", 
                    "1.0", 
                    "9.0", 
                    "1.0", 
                    "1.0", 
                    "12.0", 
                    "21.0", 
                    "0.0", 
                    "22.0", 
                    "1.0", 
                    "5.0", 
                    "8.0", 
                    "10.0", 
                    "2.0", 
                    "5.0", 
                    "4.0", 
                    "7.0"
                ], 
                "TrainingTimesLastYear": [
                    "3.0", 
                    "2.0", 
                    "2.0", 
                    "2.0", 
                    "3.0", 
                    "1.0", 
                    "3.0", 
                    "1.0", 
                    "2.0", 
                    "2.0", 
                    "3.0", 
                    "4.0", 
                    "3.0", 
                    "6.0", 
                    "2.0", 
                    "2.0", 
                    "3.0", 
                    "5.0", 
                    "3.0", 
                    "3.0", 
                    "5.0", 
                    "2.0", 
                    "3.0", 
                    "2.0", 
                    "6.0", 
                    "3.0", 
                    "2.0", 
                    "3.0"
                ], 
                "MonthlyIncome": [
                    "2340.0", 
                    "19202.0", 
                    "2132.0", 
                    "2302.0", 
                    "12742.0", 
                    "2799.0", 
                    "13503.0", 
                    "10096.0", 
                    "7823.0", 
                    "2154.0", 
                    "6162.0", 
                    "17650.0", 
                    "1702.0", 
                    "8834.0", 
                    "2935.0", 
                    "2795.0", 
                    "17465.0", 
                    "19436.0", 
                    "2090.0", 
                    "17665.0", 
                    "2926.0", 
                    "4189.0", 
                    "4805.0", 
                    "9419.0", 
                    "2070.0", 
                    "11557.0", 
                    "4373.0", 
                    "6893.0"
                ], 
                "StandardHours": [
                    "80", 
                    "80", 
                    "80", 
                    "80", 
                    "80", 
                    "80", 
                    "80", 
                    "80", 
                    "80", 
                    "80", 
                    "80", 
                    "80", 
                    "80", 
                    "80", 
                    "80", 
                    "80", 
                    "80", 
                    "80", 
                    "80", 
                    "80", 
                    "80", 
                    "80", 
                    "80", 
                    "80", 
                    "80", 
                    "80", 
                    "80", 
                    "80"
                ], 
                "DistanceFromHome": [
                    "24.0", 
                    "1.0", 
                    "22.0", 
                    "1.0", 
                    "1.0", 
                    "1.0", 
                    "1.0", 
                    "9.0", 
                    "3.0", 
                    "1.0", 
                    "4.0", 
                    "11.0", 
                    "2.0", 
                    "9.0", 
                    "16.0", 
                    "25.0", 
                    "3.0", 
                    "2.0", 
                    "2.0", 
                    "2.0", 
                    "6.0", 
                    "9.0", 
                    "2.0", 
                    "5.0", 
                    "1.0", 
                    "7.0", 
                    "7.0", 
                    "2.0"
                ], 
                "EmployeeNumber": [
                    "622", 
                    "336", 
                    "1004", 
                    "1331", 
                    "1026", 
                    "939", 
                    "119", 
                    "1457", 
                    "984", 
                    "1286", 
                    "830", 
                    "1045", 
                    "556", 
                    "626", 
                    "22", 
                    "911", 
                    "1124", 
                    "352", 
                    "4", 
                    "1109", 
                    "137", 
                    "1787", 
                    "606", 
                    "228", 
                    "1131", 
                    "613", 
                    "1477", 
                    "1355"
                ], 
                "Attrition": [
                    "true", 
                    "false", 
                    "true", 
                    "true", 
                    "false", 
                    "false", 
                    "false", 
                    "true", 
                    "false", 
                    "false", 
                    "false", 
                    "false", 
                    "false", 
                    "false", 
                    "false", 
                    "true", 
                    "false", 
                    "false", 
                    "true", 
                    "false", 
                    "true", 
                    "false", 
                    "false", 
                    "false", 
                    "false", 
                    "false", 
                    "false", 
                    "false"
                ], 
                "Education": [
                    "Bachelor", 
                    "Bachelor", 
                    "Bachelor", 
                    "Bachelor", 
                    "Bellow College", 
                    "Master", 
                    "Master", 
                    "Bachelor", 
                    "Master", 
                    "Master", 
                    "Bachelor", 
                    "College", 
                    "College", 
                    "Master", 
                    "College", 
                    "Master", 
                    "Bellow College", 
                    "College", 
                    "College", 
                    "College", 
                    "Bachelor", 
                    "College", 
                    "Bachelor", 
                    "Bachelor", 
                    "Bellow College", 
                    "Bachelor", 
                    "Bachelor", 
                    "College"
                ]
            }, 
            "nbExplanations": 3, 
            "nbRecords": 220, 
            "lowPredictionsBoundary": 0.0913793103448276, 
            "onSample": false, 
            "highPredictionsBoundary": 0.53, 
            "explanations": {
                "JobInvolvement": [
                    0.29612896928229465, 
                    -0.03897827815563354, 
                    -0.06820278488084701, 
                    -0.1000068460587829, 
                    0.002038852778152699, 
                    0.11428532760453111, 
                    0.0020388539306825703, 
                    -0.07327228307065517, 
                    -0.05005184129829278, 
                    -0.09005734832862283, 
                    0.021176849338920403, 
                    -0.042861077551713846, 
                    -0.02519478892901299, 
                    -0.07327228361283696, 
                    -0.06594270518228001, 
                    -0.08708335555314822, 
                    -0.06820761788365384, 
                    -0.06726339247957228, 
                    0.060811974350877256, 
                    -0.03897828135728469, 
                    0.11822593875386347, 
                    -0.003970039326253897, 
                    -0.04498717123093941, 
                    -0.05264236841714899, 
                    0.11428530491886421, 
                    0.016856185121513906, 
                    -0.06973580933458295, 
                    -0.05005183691710801
                ], 
                "StockOptionLevel": [
                    0.13357810780441515, 
                    -0.10452282476494094, 
                    0.22975242159571582, 
                    0.2322581613752927, 
                    -0.14773917720845095, 
                    0.3320239255055184, 
                    -0.19169017736573873, 
                    -0.10452282478812372, 
                    -0.08604991433998965, 
                    0.2077821979995259, 
                    -0.22930063491652247, 
                    -0.10452280156331532, 
                    -0.11073169207279608, 
                    -0.14743154420455107, 
                    -0.09259727066357719, 
                    0.15100580683079878, 
                    -0.10612899229238396, 
                    -0.10612899186571127, 
                    0.07059395909516508, 
                    -0.15815238044330523, 
                    0.11895463969932285, 
                    -0.07565843263851846, 
                    -0.10612899481333819, 
                    -0.19133227973417977, 
                    0.23518144963372445, 
                    -0.16304139488524416, 
                    -0.12997238802098812, 
                    -0.11684982048094725
                ], 
                "YearsAtCompany": [
                    0.15638289307360018, 
                    -0.03600004163579222, 
                    -0.049998662453871835, 
                    0.03432207588605836, 
                    -0.04770908555588143, 
                    0.08228425326507262, 
                    -0.05277569612765001, 
                    -0.04444116769571991, 
                    -0.04444114613473871, 
                    0.05941071012523603, 
                    -0.047709089443410874, 
                    -0.0360000374875616, 
                    0.13411040389873458, 
                    -0.02255538348297226, 
                    0.11314917963363694, 
                    0.11314918160874898, 
                    -0.03600005504173551, 
                    -0.04444116837516768, 
                    0.1563828434240856, 
                    -0.014114261972975441, 
                    0.17766106522219027, 
                    -0.039681518614236105, 
                    -0.012841322339577807, 
                    -0.020868894756199397, 
                    0.08228423944331548, 
                    -0.089851794067962, 
                    -0.016262308129045798, 
                    -0.021282433671959578
                ], 
                "Age": [
                    0.28526206627591455, 
                    -0.04714593450248156, 
                    0.2124788073992033, 
                    0.18254850050346294, 
                    -0.05288733476364513, 
                    0.25649616207292136, 
                    -0.03877239181827808, 
                    -0.043624732414312264, 
                    -0.03732767704506726, 
                    0.21247882252649494, 
                    0.02495738418039167, 
                    -0.04362473275123996, 
                    -0.13299202357719714, 
                    -0.043624729861670125, 
                    0.17882728023964412, 
                    0.17719145712583081, 
                    -0.043624735809412965, 
                    -0.04714594200790236, 
                    -0.1891388368333703, 
                    -0.04714593750365964, 
                    0.28526203333159983, 
                    -0.047311423486086426, 
                    -0.043624728330373286, 
                    0.01952237216890373, 
                    0.285262033523704, 
                    0.021436174193699163, 
                    0.02157707410028804, 
                    -0.04362472622780844
                ], 
                "YearsWithCurrManager": [
                    0.17246863289547484, 
                    -0.004036648163556634, 
                    -0.03497675563626806, 
                    -0.040634732676175685, 
                    -0.004036646410020105, 
                    -0.030364876942297534, 
                    -0.004036646052630973, 
                    -0.015901084032154476, 
                    -0.001516749845748232, 
                    -0.041887630998806456, 
                    -0.0040366450101433525, 
                    0.004733617732254248, 
                    0.377610986694065, 
                    -0.013333616048155916, 
                    0.3057218823296769, 
                    0.00027208311582480884, 
                    -0.015901084032154476, 
                    -0.015901084032154476, 
                    0.23158042550416344, 
                    -0.006604117845818043, 
                    0.23765376897740326, 
                    -0.006604114789636604, 
                    -0.004036648065495915, 
                    -0.006604114227795603, 
                    -0.030364872060811017, 
                    0.004686056705131622, 
                    -0.006604112308176155, 
                    -0.006604116631656494
                ], 
                "EnvironmentSatisfaction": [
                    -0.02912712223897405, 
                    -0.03422869739235914, 
                    0.0535732222046539, 
                    -0.02807174880434147, 
                    -0.03422869703550833, 
                    -0.022116223539921865, 
                    -0.054080473275789326, 
                    0.10294008864341393, 
                    -0.06791322482200718, 
                    -0.03722767484574275, 
                    -0.03422869703550833, 
                    -0.03422869673584627, 
                    -0.034982032280908085, 
                    0.1029400881502997, 
                    -0.030485345744779995, 
                    0.09084995779200242, 
                    0.10294008668726523, 
                    0.10294008864341393, 
                    -0.042500325040689846, 
                    -0.03422869847500849, 
                    -0.03644087774423434, 
                    -0.009526724938560644, 
                    -0.03422870602323168, 
                    -0.009526712931453653, 
                    -0.02065738168883309, 
                    -0.06791322119098071, 
                    -0.054080470630500074, 
                    -0.009526722484817542
                ], 
                "Department": [
                    -0.0368545220177571, 
                    -0.01606076791225358, 
                    -0.024836745821919838, 
                    0.030111810812501038, 
                    -0.016060771340191345, 
                    -0.024836754915369064, 
                    -0.01606076996590796, 
                    0.019568460242964457, 
                    0.017807856086821654, 
                    -0.022833786795237634, 
                    -0.012539559035270702, 
                    0.019568456573142372, 
                    -0.04748227654544996, 
                    0.019568459449157923, 
                    -0.022833785728745143, 
                    -0.022833784480443944, 
                    0.0195684587226807, 
                    -0.01606076757138914, 
                    -0.047482278597238775, 
                    -0.016060766740699197, 
                    -0.02283378562201195, 
                    0.019568462478347922, 
                    0.019568458637961476, 
                    0.017807857362840882, 
                    -0.024836749948874234, 
                    0.017807852977381123, 
                    0.017807853151738606, 
                    0.019568459184678567
                ], 
                "MonthlyIncome": [
                    0.6965713926948786, 
                    -0.1056339427539584, 
                    0.48420108651519905, 
                    0.5121697151457291, 
                    -0.1056339406390963, 
                    0.35594036888180197, 
                    -0.10563393912252123, 
                    -0.10215503730316894, 
                    -0.10396409416437717, 
                    0.6088290116622624, 
                    -0.10966537678290261, 
                    -0.10563393776588846, 
                    0.9158437109528107, 
                    -0.09958756314438037, 
                    0.6030411168269234, 
                    0.49845647877062627, 
                    -0.10382490707293973, 
                    -0.10382490531906374, 
                    0.6740948419302863, 
                    -0.10820140369581248, 
                    0.6538781491345728, 
                    -0.10653153484196785, 
                    -0.10396407405049793, 
                    -0.11056297336468476, 
                    0.5646154682171101, 
                    -0.11223285960979316, 
                    -0.11056296764429582, 
                    -0.10653153730076038
                ], 
                "OverTime": [
                    0.7844944653520893, 
                    -0.11795679240258863, 
                    0.9140871026800406, 
                    1.0588134350187914, 
                    -0.11434920182852357, 
                    0.8604405739538677, 
                    -0.11557635348380468, 
                    -0.15144260224624623, 
                    -0.16945882620572905, 
                    0.9817076255868216, 
                    -0.137607465400054, 
                    -0.15310129910285977, 
                    0.5085990848010248, 
                    -0.154654935937613, 
                    0.9951345576186447, 
                    0.7691623594951759, 
                    -0.13795623480595015, 
                    -0.10281172662722451, 
                    0.7551443392822772, 
                    -0.11717390277864251, 
                    0.8753851661184439, 
                    -0.19787778148785645, 
                    -0.1730123307834753, 
                    -0.17752169254216354, 
                    0.9162533301397932, 
                    -0.15721542184378595, 
                    -0.2152519574125209, 
                    -0.16901711057120447
                ], 
                "DistanceFromHome": [
                    0.07486224856494672, 
                    -0.08051793303518927, 
                    0.14642141847449353, 
                    -0.05253042378239914, 
                    -0.08051792893030443, 
                    -0.0525304220508571, 
                    -0.08051793268787613, 
                    -0.08051794825806972, 
                    -0.0805179588840838, 
                    -0.0351505681333258, 
                    -0.08051792759030374, 
                    0.009840782063655091, 
                    -0.03515057794294736, 
                    -0.0805179338697362, 
                    0.10079933561133649, 
                    0.10079933440694772, 
                    -0.08051794825806972, 
                    -0.08051794990269043, 
                    -0.03515057236489882, 
                    -0.08051793143593683, 
                    -0.03515057282557028, 
                    -0.08051794704030688, 
                    -0.08051794805822222, 
                    -0.08051792757563535, 
                    -0.05253042491281925, 
                    -0.08051795591488839, 
                    -0.08051792455095011, 
                    -0.08051794461880578
                ], 
                "JobSatisfaction": [
                    -0.10111142416993563, 
                    -0.04340685268933327, 
                    -0.03014138060343939, 
                    0.012316275466045443, 
                    -0.023142964280329775, 
                    0.16118136494804297, 
                    0.007729106588699153, 
                    -0.04340685420741999, 
                    -0.04340684115836116, 
                    -0.012772347227986864, 
                    -0.018324471681761587, 
                    -0.04340685467232069, 
                    -0.05934329512118517, 
                    0.007729101166921853, 
                    -0.09467891983060513, 
                    -0.1011114614091921, 
                    -0.03858835999070119, 
                    -0.03858836042375544, 
                    -0.01277232904676753, 
                    0.05470002065090671, 
                    -0.10111143343603514, 
                    0.033135212788373974, 
                    0.0299228815357676, 
                    -0.023142966810564058, 
                    0.012316288303379126, 
                    -0.043406835870876126, 
                    0.05405256277268412, 
                    0.07689379498756278
                ], 
                "JobLevel": [
                    0.14166105072519297, 
                    -0.05853002121276944, 
                    0.163084936906358, 
                    0.22215919137166296, 
                    -0.05853002130812407, 
                    0.2478259603268861, 
                    -0.05853002052497116, 
                    -0.04304972962237988, 
                    -0.05853003366563274, 
                    0.22215919515635804, 
                    -0.05853002199591258, 
                    -0.04471044802415929, 
                    0.2093549571722268, 
                    -0.04304972685327579, 
                    0.11021101454171393, 
                    0.12301530140991357, 
                    -0.043049727565132694, 
                    -0.04304972555319647, 
                    0.2221592107680425, 
                    -0.09877532111127478, 
                    0.18208957739419337, 
                    -0.05853002474123553, 
                    -0.05853002620695325, 
                    -0.05853001834666198, 
                    0.22215918325703618, 
                    -0.05853002342540815, 
                    -0.0987753178628798, 
                    -0.09877532168952324
                ], 
                "WorkLifeBalance": [
                    0.3235290909355323, 
                    -0.011303224841371471, 
                    -0.0121602545468116, 
                    -0.013676646579082508, 
                    -0.011303222101838943, 
                    -0.013676649592719935, 
                    -0.011303221735100169, 
                    -0.009786827404677522, 
                    -0.01130322358448071, 
                    -0.01668968508042133, 
                    -0.011303222101838943, 
                    -0.011303223555307263, 
                    -0.007942350636334507, 
                    -0.00978682910059437, 
                    -0.007492631709619426, 
                    0.3458941487762992, 
                    -0.009786827404677522, 
                    -0.009786829674745005, 
                    -0.010171165212765367, 
                    -0.011303221539963859, 
                    -0.010171167303278121, 
                    -0.011303221831354994, 
                    -0.011303223963040137, 
                    -0.011303221646136528, 
                    -0.013676647505677566, 
                    -0.011303223888766065, 
                    -0.011303223090007593, 
                    -0.011303223546408695
                ], 
                "BusinessTravel": [
                    -0.008698846159049606, 
                    -0.00595553284647727, 
                    -0.0059555316457456774, 
                    0.017018627097002012, 
                    -0.0059555333616117465, 
                    -0.005970354095366313, 
                    0.023732295047254545, 
                    -0.02779248846669633, 
                    -0.00595553284647727, 
                    0.01701862513194482, 
                    -0.0059555333616117465, 
                    -0.005955531669199572, 
                    0.04302534253468264, 
                    -0.027792484549682944, 
                    -0.008698849029810558, 
                    -0.010684024702358186, 
                    -0.02779248846669633, 
                    -0.02779248846669633, 
                    -0.008698847633212863, 
                    -0.0059555333616117465, 
                    0.04302534568040258, 
                    -0.00595553284647727, 
                    -0.00595553284647727, 
                    -0.0059555333616117465, 
                    -0.00397035383299847, 
                    -0.00595553284647727, 
                    0.02373229527061314, 
                    -0.00595553284647727
                ], 
                "JobRole": [
                    0.15608811678031667, 
                    -0.026885148155721926, 
                    -0.09166613968248946, 
                    -0.004583285745014167, 
                    -0.026885148819738393, 
                    -0.07800804594451786, 
                    -0.026885154239375497, 
                    -0.025017302077124614, 
                    -0.009853361407220106, 
                    0.09336595083818076, 
                    -0.026885152529860238, 
                    -0.03365244271939691, 
                    0.1612901401878343, 
                    -0.02501730967171624, 
                    0.12248865788159581, 
                    0.2104131429333134, 
                    -0.04004612884611322, 
                    -0.04204908917377095, 
                    0.10338909614474147, 
                    -0.02688514964156858, 
                    0.10338908952209, 
                    -0.009853363529345046, 
                    -0.009853361097294315, 
                    -0.009853361130415355, 
                    -0.07800806519133756, 
                    -0.03365246205500603, 
                    -0.009853362808646633, 
                    -0.00985336197596172
                ]
            }, 
            "predictions": [
                0.7967050075531006, 
                0.08180241286754608, 
                0.5461616516113281, 
                0.6025370955467224, 
                0.08465683460235596, 
                0.6538066864013672, 
                0.08465683460235596, 
                0.08823111653327942, 
                0.08746612817049026, 
                0.6224514842033386, 
                0.08465683460235596, 
                0.09015027433633804, 
                0.5767425298690796, 
                0.09128756076097488, 
                0.6233049035072327, 
                0.669035017490387, 
                0.08823111653327942, 
                0.08823111653327942, 
                0.5661599636077881, 
                0.08465683460235596, 
                0.7130836844444275, 
                0.08934887498617172, 
                0.08934887498617172, 
                0.08465683460235596, 
                0.6400339603424072, 
                0.08746612817049026, 
                0.08557416498661041, 
                0.08934887498617172
            ], 
            "method": "SHAPLEY"
        }
    }
}