EmployeeNumber,PerformanceRating,OverTime,JobInvolvement,WorkLifeBalance,JobSatisfaction,EnvironmentSatisfaction,RelationshipSatisfaction,BusinessTravel,DistanceFromHome
1,3,Yes,3,1,4,2,1,Travel_Rarely,1
2,4,No,2,3,2,3,4,Travel_Frequently,8
4,3,Yes,2,3,3,4,2,Travel_Rarely,2
5,3,Yes,3,3,3,4,3,Travel_Frequently,3
7,3,No,3,3,2,1,4,Travel_Rarely,2
8,3,No,3,2,4,4,3,Travel_Frequently,2
10,4,Yes,4,2,1,3,1,Travel_Rarely,3
11,4,No,3,3,3,4,2,Travel_Rarely,24
12,4,No,2,3,3,4,2,Travel_Frequently,23
13,3,No,3,2,3,3,2,Travel_Rarely,27
14,3,No,4,3,2,1,3,Travel_Rarely,16
15,3,Yes,2,3,3,4,4,Travel_Rarely,15
16,3,No,3,2,3,1,4,Travel_Rarely,26
18,3,No,3,3,4,2,3,Travel_Rarely,19
19,3,Yes,2,3,3,3,2,Travel_Rarely,24
20,3,No,4,3,1,2,3,Travel_Rarely,21
21,3,Yes,4,2,2,1,4,Travel_Rarely,5
22,3,Yes,4,2,4,4,2,Non-Travel,16
23,3,No,2,3,4,1,3,Travel_Rarely,2
24,3,Yes,3,3,4,4,3,Travel_Rarely,2
26,3,No,4,2,3,1,4,Non-Travel,11
27,4,No,2,3,1,3,2,Travel_Rarely,9
28,3,No,3,3,2,1,3,Travel_Rarely,7
30,3,No,3,3,4,3,4,Travel_Rarely,15
31,3,No,3,3,1,2,3,Travel_Rarely,6
32,3,No,3,2,3,3,4,Travel_Rarely,5
33,4,Yes,1,3,1,2,2,Travel_Frequently,16
35,3,No,3,3,2,3,4,Travel_Rarely,8
36,3,No,2,3,4,1,4,Travel_Rarely,7
38,3,No,3,2,1,2,4,Travel_Rarely,2
39,3,No,3,3,4,3,4,Travel_Rarely,2
40,3,Yes,3,4,4,4,4,Travel_Rarely,10
41,3,No,2,3,3,4,1,Travel_Rarely,9
42,3,No,3,4,4,4,3,Travel_Rarely,5
45,3,Yes,3,2,4,2,1,Travel_Rarely,1
46,3,No,4,2,3,4,4,Travel_Rarely,2
47,3,Yes,2,3,3,1,3,Travel_Rarely,3
49,3,No,3,3,4,4,1,Travel_Rarely,2
51,3,Yes,2,4,1,2,4,Travel_Rarely,5
52,3,No,4,3,1,3,1,Travel_Frequently,1
53,3,No,3,3,4,3,3,Travel_Rarely,4
54,3,No,3,3,1,4,4,Travel_Rarely,2
55,3,No,1,2,3,1,3,Travel_Rarely,25
56,3,No,3,3,3,4,4,Travel_Frequently,8
57,4,No,3,3,4,3,4,Travel_Frequently,1
58,3,No,3,3,3,2,4,Travel_Rarely,12
60,4,No,3,3,3,2,3,Non-Travel,23
61,4,No,3,3,2,2,1,Travel_Rarely,19
62,4,Yes,3,3,4,1,3,Travel_Frequently,5
63,3,No,4,3,4,4,4,Travel_Rarely,8
64,3,Yes,2,3,3,1,4,Travel_Rarely,1
65,3,Yes,3,2,3,3,3,Travel_Rarely,5
68,4,Yes,3,2,1,2,3,Travel_Rarely,1
70,3,Yes,2,3,1,3,3,Non-Travel,11
72,3,Yes,2,2,4,3,3,Travel_Rarely,23
73,3,Yes,3,3,4,1,3,Travel_Frequently,1
74,4,No,3,2,1,2,4,Travel_Frequently,18
75,3,Yes,3,3,1,3,3,Travel_Rarely,23
76,4,No,3,2,4,4,4,Travel_Rarely,7
77,3,No,2,4,3,1,3,Travel_Rarely,1
78,4,Yes,3,3,4,1,2,Travel_Rarely,1
79,3,No,3,3,4,4,4,Travel_Frequently,29
80,3,Yes,2,2,3,2,4,Travel_Rarely,7
81,3,No,3,2,1,1,4,Travel_Rarely,25
83,3,No,3,3,3,3,2,Travel_Rarely,8
84,3,Yes,3,3,3,4,3,Travel_Rarely,8
85,3,No,2,3,2,2,3,Travel_Frequently,11
86,3,No,3,3,1,2,3,Travel_Rarely,7
88,3,No,3,2,1,2,4,Travel_Frequently,1
90,3,Yes,2,2,3,4,1,Travel_Rarely,9
91,3,No,2,2,3,1,4,Travel_Frequently,1
94,4,No,3,3,2,3,4,Travel_Rarely,2
95,3,No,3,3,2,3,2,Travel_Rarely,1
96,3,No,3,3,2,2,2,Travel_Rarely,1
97,3,No,4,3,4,2,2,Travel_Rarely,6
98,4,No,3,3,4,3,4,Travel_Rarely,8
100,3,No,2,3,1,3,2,Travel_Rarely,1
101,3,Yes,3,4,1,4,2,Travel_Rarely,6
102,3,No,3,4,3,1,1,Travel_Rarely,7
103,4,Yes,3,3,2,2,4,Travel_Rarely,5
104,3,Yes,2,2,4,4,3,Travel_Rarely,1
105,3,No,2,3,3,2,1,Travel_Rarely,1
106,3,No,3,3,4,1,4,Travel_Rarely,1
107,3,Yes,1,3,4,2,4,Non-Travel,6
110,3,No,3,3,2,1,3,Travel_Rarely,1
112,3,No,1,2,4,4,1,Travel_Rarely,7
113,3,No,3,3,1,3,3,Travel_Rarely,2
116,4,No,3,3,4,4,2,Travel_Rarely,9
117,3,No,2,3,4,3,1,Travel_Rarely,2
118,3,No,2,3,4,3,4,Travel_Rarely,9
119,4,No,2,2,2,3,4,Travel_Frequently,1
120,4,Yes,3,1,4,3,4,Travel_Rarely,21
121,3,Yes,2,2,2,3,2,Travel_Rarely,4
124,3,Yes,2,2,1,3,3,Travel_Frequently,1
125,3,No,3,3,3,2,1,Travel_Rarely,6
126,3,No,3,1,3,1,1,Travel_Rarely,2
128,4,No,3,2,3,1,1,Travel_Rarely,3
129,3,No,3,4,3,2,2,Non-Travel,4
131,3,No,3,2,3,4,3,Travel_Rarely,10
132,3,No,3,4,2,2,3,Non-Travel,23
133,4,Yes,3,3,1,3,4,Travel_Rarely,6
134,3,No,3,3,1,4,4,Travel_Rarely,1
137,3,Yes,2,3,4,4,2,Travel_Frequently,6
138,3,No,3,3,3,1,3,Travel_Rarely,6
139,3,No,2,4,4,3,4,Non-Travel,2
140,4,No,2,3,4,3,4,Non-Travel,2
141,3,Yes,3,2,2,1,1,Travel_Frequently,1
142,3,Yes,2,3,3,3,4,Travel_Rarely,5
143,3,No,2,3,4,4,3,Travel_Rarely,7
144,3,No,3,3,4,2,3,Travel_Rarely,15
145,4,No,2,2,1,1,3,Travel_Frequently,1
147,4,Yes,1,3,3,1,4,Travel_Frequently,7
148,3,Yes,4,3,4,4,3,Non-Travel,26
150,3,No,3,3,3,2,3,Travel_Rarely,18
151,3,No,2,3,2,3,3,Travel_Rarely,6
152,3,No,3,3,4,3,1,Travel_Rarely,3
153,3,No,2,3,1,3,4,Travel_Rarely,5
154,3,No,3,3,4,2,3,Travel_Frequently,11
155,4,No,3,3,4,1,1,Travel_Rarely,3
158,3,Yes,3,4,4,3,4,Travel_Frequently,26
159,4,No,1,2,3,1,3,Travel_Frequently,23
160,3,No,3,4,2,3,1,Non-Travel,22
161,3,Yes,3,3,2,2,1,Travel_Rarely,14
162,3,No,3,3,3,1,3,Travel_Rarely,6
163,3,Yes,1,2,3,2,2,Travel_Rarely,6
164,3,No,2,2,2,3,3,Travel_Rarely,6
165,3,No,3,2,4,4,4,Travel_Rarely,23
167,3,Yes,3,2,3,4,4,Travel_Rarely,22
169,3,No,3,3,4,3,3,Travel_Rarely,2
170,3,No,3,2,1,3,3,Travel_Rarely,20
171,3,No,4,3,3,2,4,Travel_Frequently,28
174,3,No,3,3,4,3,4,Travel_Frequently,12
175,3,Yes,1,3,3,2,3,Travel_Rarely,20
176,3,Yes,3,3,3,3,3,Travel_Rarely,9
177,4,No,3,3,3,3,4,Travel_Rarely,25
178,4,No,3,3,2,2,4,Travel_Rarely,6
179,3,No,1,3,4,1,4,Travel_Frequently,8
182,3,No,2,4,3,4,3,Travel_Rarely,4
183,3,No,2,3,3,1,4,Travel_Rarely,28
184,3,Yes,3,1,4,3,4,Travel_Rarely,9
190,4,No,3,4,1,1,1,Travel_Rarely,9
192,3,No,3,2,4,3,2,Travel_Rarely,29
193,4,Yes,3,3,3,4,2,Travel_Rarely,3
194,3,No,3,2,3,1,3,Travel_Rarely,18
195,3,No,1,4,4,4,4,Travel_Frequently,9
197,3,No,3,3,1,4,4,Travel_Rarely,5
198,3,No,2,3,4,2,4,Travel_Rarely,2
199,3,No,2,2,1,4,2,Travel_Frequently,10
200,4,No,3,3,1,3,4,Travel_Rarely,9
201,3,No,3,3,2,2,4,Travel_Rarely,3
202,3,No,3,3,2,2,1,Travel_Frequently,26
204,3,No,3,3,2,3,1,Travel_Rarely,1
205,4,Yes,3,1,3,2,4,Travel_Rarely,6
206,3,No,3,1,2,2,3,Travel_Rarely,9
207,3,No,3,3,4,2,4,Travel_Frequently,8
208,3,No,3,3,3,4,1,Non-Travel,1
211,3,No,2,3,3,2,3,Travel_Rarely,7
214,4,Yes,2,2,2,2,2,Travel_Rarely,9
215,3,No,2,2,4,3,1,Travel_Rarely,4
216,3,No,3,3,3,3,4,Travel_Frequently,2
217,4,No,3,3,4,3,1,Travel_Rarely,19
218,3,No,3,1,2,4,4,Non-Travel,9
221,3,No,3,1,4,3,3,Travel_Rarely,21
223,3,Yes,4,1,4,3,2,Travel_Rarely,24
224,3,Yes,2,2,3,3,4,Non-Travel,3
226,3,No,3,3,2,3,2,Travel_Rarely,11
227,3,No,3,3,3,1,1,Travel_Rarely,14
228,3,No,3,3,4,2,3,Travel_Rarely,5
230,4,No,2,4,4,1,3,Travel_Rarely,1
231,4,No,3,3,3,3,1,Travel_Rarely,6
233,3,Yes,3,2,2,3,4,Travel_Rarely,17
235,4,No,1,4,1,3,1,Travel_Frequently,1
238,3,No,3,2,2,4,3,Travel_Frequently,3
239,3,No,3,3,1,3,3,Non-Travel,9
240,3,Yes,3,4,1,3,1,Travel_Rarely,4
241,3,Yes,3,3,1,3,3,Travel_Rarely,8
242,3,No,3,4,4,3,1,Travel_Rarely,2
243,4,No,2,2,4,2,3,Travel_Rarely,2
244,4,No,3,3,1,2,3,Travel_Rarely,1
245,3,No,3,3,4,3,3,Travel_Rarely,9
246,4,Yes,3,3,4,3,3,Travel_Rarely,12
247,3,No,3,3,2,4,4,Travel_Rarely,27
248,4,Yes,3,2,2,2,4,Travel_Rarely,20
249,3,No,2,2,3,3,4,Travel_Rarely,1
250,3,No,4,3,1,4,3,Travel_Rarely,13
252,3,No,3,3,2,4,4,Travel_Rarely,14
253,3,No,3,3,3,4,2,Travel_Rarely,4
254,3,No,4,3,2,3,4,Travel_Rarely,14
256,3,No,2,2,3,4,3,Travel_Frequently,2
258,3,No,3,3,2,4,3,Travel_Rarely,3
259,3,No,2,3,3,3,1,Travel_Rarely,1
260,3,No,3,2,2,4,4,Travel_Rarely,9
261,3,Yes,2,3,3,2,1,Travel_Rarely,23
262,3,No,4,4,4,4,4,Non-Travel,7
264,4,No,2,3,4,1,4,Non-Travel,2
267,3,Yes,4,2,1,2,1,Travel_Rarely,21
269,3,No,3,3,2,2,4,Travel_Frequently,2
270,3,No,3,3,3,3,2,Non-Travel,21
271,3,No,3,3,3,4,2,Travel_Rarely,2
273,3,No,3,1,4,4,1,Travel_Rarely,29
274,3,No,2,3,1,3,3,Travel_Frequently,1
275,3,Yes,3,3,4,4,1,Non-Travel,18
277,3,Yes,3,4,3,4,4,Travel_Frequently,10
281,3,Yes,3,4,4,3,3,Travel_Rarely,19
282,3,Yes,3,3,1,2,2,Travel_Rarely,29
283,4,No,3,2,4,2,4,Travel_Rarely,27
284,3,Yes,4,2,2,4,1,Travel_Rarely,5
286,3,No,3,3,4,2,1,Travel_Frequently,18
287,3,No,2,1,4,4,4,Non-Travel,9
288,3,No,3,3,1,4,3,Travel_Rarely,1
291,3,No,1,2,4,4,3,Travel_Rarely,4
292,4,No,2,3,3,3,3,Non-Travel,1
293,3,No,3,3,3,4,4,Travel_Frequently,20
296,3,No,2,1,2,2,4,Travel_Rarely,8
297,3,Yes,3,3,1,4,3,Travel_Rarely,3
298,3,Yes,3,3,4,4,3,Travel_Rarely,6
299,3,No,2,2,1,3,3,Travel_Frequently,26
300,3,No,3,2,3,3,4,Travel_Rarely,1
302,3,No,2,3,4,4,4,Non-Travel,6
303,3,No,3,3,1,4,4,Travel_Rarely,3
304,3,No,3,4,2,4,4,Travel_Rarely,5
305,4,No,2,3,2,3,4,Travel_Rarely,4
306,3,Yes,3,3,4,2,3,Travel_Frequently,11
307,3,No,3,2,3,1,3,Travel_Rarely,3
308,3,No,1,3,3,3,4,Non-Travel,1
309,3,No,2,3,4,3,1,Travel_Rarely,3
311,3,No,3,3,4,1,3,Travel_Frequently,4
312,3,No,3,3,4,2,4,Travel_Frequently,1
314,3,No,3,4,3,3,1,Travel_Frequently,1
315,3,Yes,2,2,4,3,3,Travel_Rarely,18
316,3,No,2,2,4,3,2,Travel_Rarely,2
319,3,No,3,3,4,3,4,Travel_Rarely,4
321,3,No,3,2,3,2,4,Travel_Rarely,6
323,3,No,3,2,4,4,3,Travel_Rarely,1
325,3,Yes,3,1,4,3,3,Travel_Rarely,14
327,4,Yes,3,3,4,4,3,Travel_Rarely,16
328,4,No,3,4,1,1,1,Travel_Rarely,2
329,3,Yes,2,4,3,1,4,Non-Travel,2
330,3,No,3,3,2,3,1,Travel_Rarely,4
331,3,Yes,2,1,3,4,4,Travel_Rarely,1
332,3,No,3,3,3,3,3,Travel_Rarely,1
333,3,No,3,3,4,3,1,Non-Travel,26
334,3,No,3,2,1,3,1,Travel_Rarely,19
335,3,No,3,3,4,1,1,Travel_Rarely,24
336,3,No,4,3,4,3,3,Travel_Rarely,1
337,3,No,3,3,3,2,1,Travel_Frequently,3
338,3,No,2,2,4,3,3,Travel_Rarely,5
339,3,No,2,3,1,4,2,Travel_Rarely,2
340,3,No,2,2,1,3,1,Travel_Rarely,1
341,3,No,4,3,3,1,4,Travel_Frequently,7
342,3,No,3,3,3,1,2,Travel_Frequently,10
343,4,No,3,3,3,3,4,Travel_Frequently,2
346,3,No,3,3,4,3,1,Travel_Rarely,15
347,3,Yes,4,3,1,4,3,Travel_Rarely,17
349,3,No,3,3,4,4,4,Travel_Rarely,20
350,3,No,3,3,3,1,4,Travel_Rarely,1
351,3,Yes,2,3,1,4,3,Travel_Rarely,2
352,3,No,3,3,3,1,4,Travel_Rarely,2
353,3,No,3,2,4,3,2,Travel_Rarely,1
355,3,No,2,4,2,3,2,Travel_Frequently,29
359,4,No,4,1,2,2,3,Travel_Frequently,7
361,3,No,2,3,4,4,4,Non-Travel,2
362,3,No,2,3,1,4,4,Travel_Rarely,2
363,3,Yes,1,2,2,3,2,Travel_Rarely,2
364,3,No,3,1,3,1,3,Travel_Rarely,2
366,3,No,2,3,2,1,2,Travel_Rarely,2
367,4,No,2,3,4,2,2,Travel_Rarely,23
369,3,No,4,3,1,2,4,Non-Travel,5
372,3,Yes,3,3,4,3,2,Travel_Rarely,20
373,3,No,3,3,4,4,3,Travel_Rarely,6
374,3,Yes,3,3,1,4,3,Travel_Rarely,1
376,3,Yes,3,2,2,1,4,Non-Travel,29
377,4,No,3,2,4,4,4,Travel_Rarely,9
378,3,No,3,4,4,3,2,Travel_Rarely,6
379,3,No,2,4,3,4,1,Travel_Rarely,3
380,3,Yes,3,3,4,1,1,Non-Travel,1
381,3,No,4,2,2,2,2,Travel_Rarely,22
382,4,Yes,4,3,1,1,3,Travel_Rarely,7
384,4,No,3,1,2,3,1,Travel_Frequently,1
385,3,No,3,2,2,1,1,Travel_Rarely,4
386,3,Yes,3,2,3,3,4,Travel_Rarely,3
387,4,No,3,3,3,2,3,Travel_Rarely,1
388,3,No,3,2,4,2,1,Travel_Frequently,2
389,3,Yes,3,3,4,2,4,Travel_Rarely,20
390,3,Yes,3,3,1,1,3,Travel_Frequently,11
391,3,No,3,3,4,4,2,Travel_Rarely,1
392,4,Yes,3,1,3,4,4,Travel_Frequently,24
393,3,No,3,3,4,4,2,Travel_Rarely,23
394,3,Yes,3,3,2,1,4,Travel_Rarely,16
395,4,No,3,3,4,4,4,Travel_Rarely,8
396,3,Yes,3,3,1,3,4,Travel_Frequently,10
397,3,No,3,3,2,3,4,Travel_Rarely,3
399,3,No,3,2,2,4,3,Travel_Frequently,5
401,3,Yes,2,3,4,4,2,Travel_Rarely,4
403,3,Yes,3,2,4,2,3,Travel_Frequently,9
404,3,No,3,4,2,3,4,Travel_Frequently,26
405,3,No,3,3,3,3,3,Travel_Rarely,3
406,3,No,3,2,2,3,3,Travel_Rarely,16
407,3,No,4,3,4,3,4,Travel_Frequently,18
408,3,No,1,3,2,4,4,Travel_Rarely,2
410,3,No,3,3,2,4,2,Travel_Rarely,2
411,3,No,2,3,3,4,1,Travel_Rarely,10
412,3,No,4,3,1,2,3,Travel_Rarely,16
416,3,No,4,2,4,2,2,Travel_Rarely,7
417,3,No,4,2,4,3,1,Travel_Rarely,1
419,3,No,3,3,2,2,3,Non-Travel,24
420,3,No,2,2,3,4,3,Travel_Rarely,7
421,3,No,2,3,2,1,3,Travel_Rarely,25
422,3,Yes,1,3,3,4,4,Non-Travel,1
423,3,Yes,3,3,4,3,3,Travel_Rarely,5
424,3,No,2,3,1,1,4,Travel_Rarely,2
425,3,No,3,3,1,1,1,Travel_Frequently,7
426,3,Yes,3,1,4,3,2,Travel_Rarely,2
428,3,No,3,3,2,4,2,Travel_Frequently,5
429,3,Yes,3,3,1,3,4,Travel_Rarely,10
430,3,No,3,3,4,3,1,Travel_Frequently,10
431,3,Yes,2,3,3,3,4,Travel_Rarely,1
433,3,No,2,2,2,3,1,Travel_Rarely,8
434,3,Yes,3,2,2,3,2,Travel_Rarely,5
436,3,Yes,2,3,2,3,4,Travel_Rarely,8
437,3,Yes,3,3,3,4,1,Travel_Rarely,2
438,3,No,3,3,4,4,4,Travel_Rarely,7
439,3,No,4,2,4,1,3,Travel_Rarely,2
440,3,Yes,1,2,4,1,4,Travel_Rarely,2
441,3,No,3,3,4,4,4,Travel_Rarely,28
442,4,No,2,3,3,3,1,Travel_Frequently,7
444,3,No,2,3,4,3,1,Travel_Frequently,7
445,3,Yes,3,2,3,4,1,Travel_Rarely,3
446,3,No,2,2,4,2,3,Travel_Frequently,10
447,3,No,3,3,3,4,2,Travel_Rarely,5
448,3,No,2,4,3,3,2,Travel_Frequently,10
449,3,Yes,3,3,2,3,4,Non-Travel,1
450,3,No,3,2,3,4,4,Travel_Frequently,20
451,3,No,3,2,1,3,1,Travel_Rarely,7
452,3,No,3,3,4,4,1,Travel_Rarely,8
453,4,Yes,1,2,4,2,3,Travel_Rarely,1
454,3,Yes,1,2,1,2,4,Travel_Rarely,8
455,3,No,2,3,4,2,3,Travel_Rarely,9
456,3,No,2,3,3,4,3,Travel_Rarely,5
458,3,No,3,3,2,2,1,Travel_Rarely,8
460,3,No,3,2,4,4,3,Travel_Rarely,5
461,3,Yes,2,3,4,3,2,Travel_Rarely,15
462,3,Yes,3,2,4,3,3,Travel_Rarely,7
463,3,Yes,2,3,2,4,1,Travel_Rarely,10
464,3,No,3,3,2,3,4,Travel_Rarely,5
465,3,No,3,2,4,3,3,Travel_Rarely,26
466,3,Yes,2,3,2,4,4,Travel_Rarely,6
467,3,No,3,3,3,2,1,Travel_Frequently,4
468,3,No,3,3,4,1,2,Travel_Rarely,23
469,3,No,3,2,3,4,1,Non-Travel,2
470,3,Yes,3,3,3,3,3,Travel_Rarely,2
471,3,No,3,3,2,3,3,Travel_Rarely,2
473,4,No,3,1,3,1,2,Travel_Rarely,29
474,3,Yes,4,3,1,3,1,Travel_Rarely,6
475,3,Yes,3,4,3,4,2,Non-Travel,25
476,3,No,3,3,3,3,2,Travel_Rarely,1
477,4,No,2,3,4,1,2,Travel_Rarely,2
478,3,Yes,2,3,2,1,3,Travel_Frequently,1
479,3,No,3,3,4,4,2,Non-Travel,1
481,3,No,2,3,4,1,1,Travel_Frequently,3
482,3,No,3,3,3,4,3,Travel_Rarely,1
483,3,Yes,4,3,3,4,3,Travel_Rarely,10
484,4,No,3,2,4,1,3,Non-Travel,9
485,3,Yes,3,3,3,4,2,Travel_Rarely,5
486,4,No,3,3,1,3,2,Travel_Rarely,10
487,3,No,3,4,3,3,3,Non-Travel,7
488,3,No,3,3,2,1,3,Travel_Frequently,4
491,3,No,2,3,4,4,4,Travel_Rarely,10
492,3,Yes,2,3,3,3,1,Travel_Rarely,22
493,3,Yes,2,3,2,3,4,Travel_Rarely,9
494,3,No,4,3,2,3,4,Travel_Rarely,12
495,3,No,3,3,4,4,4,Travel_Rarely,23
496,3,No,2,3,2,3,3,Travel_Rarely,9
497,3,No,3,3,2,4,2,Travel_Rarely,1
498,3,No,3,3,4,2,4,Travel_Rarely,9
499,4,No,2,3,3,2,3,Travel_Rarely,7
500,3,No,3,2,4,3,3,Travel_Rarely,14
501,3,No,3,3,3,4,2,Travel_Rarely,2
502,3,Yes,4,2,4,1,2,Non-Travel,19
505,3,Yes,3,3,4,3,3,Travel_Rarely,2
507,3,Yes,3,4,3,4,4,Travel_Rarely,10
508,3,No,3,3,2,3,1,Travel_Rarely,2
510,4,No,3,3,1,3,3,Travel_Frequently,3
511,3,No,3,3,2,1,4,Travel_Rarely,11
513,3,No,2,3,3,2,2,Travel_Rarely,2
514,4,Yes,3,3,4,3,3,Travel_Frequently,4
515,3,No,3,2,1,4,3,Travel_Rarely,14
516,3,No,3,3,2,4,3,Travel_Rarely,2
517,3,No,3,3,1,2,2,Travel_Rarely,1
518,3,Yes,3,2,2,3,4,Travel_Rarely,10
520,3,No,2,3,2,1,3,Travel_Rarely,12
521,4,No,2,3,3,2,2,Travel_Rarely,2
522,3,No,3,2,1,1,3,Travel_Rarely,5
523,3,No,3,3,3,3,1,Non-Travel,4
524,3,No,3,1,1,2,2,Travel_Rarely,7
525,4,No,3,3,4,4,1,Travel_Frequently,21
526,3,Yes,3,3,3,3,4,Travel_Rarely,8
527,3,Yes,2,3,4,2,2,Travel_Rarely,4
529,3,Yes,3,3,3,2,1,Non-Travel,25
530,3,No,2,3,1,4,3,Travel_Rarely,1
531,3,Yes,3,3,3,2,3,Travel_Frequently,1
532,3,No,4,2,1,3,4,Travel_Frequently,6
533,3,No,3,3,3,2,2,Travel_Rarely,12
534,3,No,4,3,1,2,3,Travel_Rarely,1
536,3,No,3,3,1,3,4,Travel_Rarely,17
538,3,No,3,3,1,1,3,Travel_Rarely,3
543,3,Yes,2,3,3,4,3,Travel_Rarely,3
544,4,No,3,2,4,1,4,Travel_Rarely,10
546,3,No,3,1,4,4,4,Travel_Rarely,4
547,3,No,3,3,3,1,2,Travel_Frequently,29
548,4,No,1,3,4,3,3,Travel_Rarely,2
549,3,No,3,1,1,1,4,Travel_Rarely,7
550,3,No,3,2,3,3,3,Travel_Rarely,18
551,3,No,2,4,4,4,4,Travel_Frequently,28
554,3,Yes,3,3,2,1,2,Travel_Rarely,1
555,3,No,1,2,3,4,4,Travel_Frequently,6
556,4,Yes,3,3,4,4,3,Travel_Frequently,2
558,3,No,3,3,3,3,4,Travel_Rarely,2
560,4,No,3,1,4,1,2,Travel_Rarely,23
562,3,No,3,1,4,3,3,Non-Travel,3
564,3,No,2,3,3,2,3,Travel_Rarely,3
565,3,No,2,4,2,3,2,Travel_Rarely,25
566,3,No,2,4,4,1,3,Travel_Rarely,2
567,3,No,3,3,1,3,3,Non-Travel,22
568,3,No,2,2,4,1,3,Travel_Rarely,29
569,3,No,2,3,3,2,2,Travel_Rarely,29
571,3,No,3,2,4,3,3,Non-Travel,2
573,3,No,2,4,1,3,4,Travel_Frequently,28
574,3,No,3,3,4,1,3,Travel_Rarely,2
575,3,No,3,1,3,1,3,Travel_Rarely,2
577,3,No,1,3,3,4,3,Travel_Rarely,22
578,3,No,3,3,3,3,3,Travel_Rarely,8
579,3,No,2,3,3,4,3,Travel_Rarely,2
580,3,Yes,2,3,4,3,3,Travel_Rarely,10
581,4,No,3,4,2,3,4,Travel_Rarely,9
582,3,Yes,3,4,3,2,4,Travel_Rarely,15
584,3,No,1,3,4,1,1,Travel_Rarely,10
585,3,No,3,3,2,4,1,Travel_Rarely,7
586,3,Yes,3,3,3,4,3,Travel_Rarely,16
587,3,No,3,3,3,1,1,Travel_Frequently,20
590,3,Yes,3,3,1,2,3,Travel_Frequently,23
591,3,No,3,3,3,2,4,Travel_Frequently,5
592,3,No,3,2,4,2,4,Non-Travel,10
593,3,No,2,3,3,3,3,Travel_Frequently,4
595,3,No,3,3,4,2,1,Travel_Rarely,2
597,4,No,3,3,2,1,4,Travel_Rarely,18
599,3,No,3,3,4,4,4,Non-Travel,10
600,3,No,3,3,3,2,3,Travel_Rarely,1
601,3,No,3,3,3,2,3,Travel_Rarely,6
602,3,No,3,3,3,3,1,Travel_Frequently,8
604,3,Yes,3,4,4,2,3,Travel_Rarely,2
605,4,Yes,3,2,1,4,4,Travel_Rarely,24
606,3,No,3,4,2,4,2,Travel_Rarely,2
608,3,Yes,3,2,3,2,2,Travel_Frequently,17
611,3,No,3,4,4,4,2,Travel_Rarely,19
612,3,No,4,3,3,1,3,Travel_Rarely,1
613,4,No,2,2,4,3,3,Travel_Rarely,7
614,3,Yes,3,3,2,2,4,Travel_Frequently,5
615,3,No,1,3,1,3,3,Non-Travel,28
616,3,Yes,2,3,3,1,1,Non-Travel,2
618,3,No,3,3,3,1,1,Travel_Rarely,29
620,3,No,3,3,3,1,4,Travel_Rarely,1
621,3,No,4,3,4,4,4,Travel_Rarely,21
622,3,Yes,1,1,4,3,2,Travel_Rarely,24
623,3,No,3,4,4,2,4,Travel_Rarely,1
624,3,No,3,2,3,1,4,Travel_Frequently,18
625,3,No,3,3,1,2,2,Travel_Rarely,2
626,3,No,3,3,2,1,4,Non-Travel,9
630,3,Yes,3,3,1,4,2,Travel_Rarely,6
631,3,No,4,3,3,4,4,Non-Travel,11
632,3,No,3,3,4,4,3,Travel_Frequently,24
634,3,No,3,3,3,3,3,Travel_Rarely,10
635,3,No,3,2,2,2,2,Travel_Rarely,1
638,3,Yes,2,3,3,4,3,Travel_Rarely,18
639,3,Yes,4,3,4,2,2,Travel_Rarely,23
641,4,No,3,4,2,1,4,Travel_Rarely,28
643,4,No,2,3,2,4,4,Travel_Rarely,17
644,3,No,3,3,2,1,3,Travel_Frequently,3
645,3,No,3,3,3,2,3,Travel_Rarely,13
647,3,Yes,3,3,3,1,4,Travel_Frequently,7
648,3,No,2,4,1,2,3,Travel_Frequently,12
649,3,Yes,2,3,4,2,4,Travel_Rarely,1
650,3,No,3,1,1,2,3,Travel_Rarely,13
652,3,No,2,3,4,1,4,Travel_Rarely,25
653,4,No,4,4,4,1,4,Travel_Rarely,6
655,3,No,2,2,3,1,3,Travel_Rarely,6
656,3,Yes,3,2,3,4,3,Travel_Rarely,2
657,3,No,2,4,2,4,4,Travel_Rarely,1
659,3,No,3,3,4,3,2,Travel_Rarely,2
661,3,Yes,2,2,4,2,3,Travel_Rarely,6
662,3,No,3,2,1,3,4,Travel_Rarely,1
663,3,Yes,3,3,3,4,2,Travel_Frequently,9
664,3,No,2,1,1,4,1,Travel_Rarely,1
665,3,No,2,4,3,1,2,Travel_Rarely,1
666,3,Yes,3,3,3,3,4,Travel_Rarely,14
667,3,No,3,3,1,3,2,Travel_Rarely,2
669,3,No,3,3,3,3,3,Travel_Rarely,22
671,3,Yes,3,4,4,4,1,Travel_Rarely,3
675,4,No,3,3,3,1,4,Travel_Rarely,6
677,3,No,3,3,3,3,4,Travel_Rarely,8
679,3,Yes,3,2,4,1,4,Travel_Rarely,9
680,4,No,3,3,3,3,3,Travel_Frequently,3
682,4,No,3,4,1,4,4,Travel_Rarely,1
683,3,No,3,2,4,2,4,Travel_Rarely,1
684,3,No,3,3,1,1,4,Travel_Frequently,26
686,3,Yes,3,3,4,3,3,Travel_Rarely,6
689,3,No,3,3,3,3,3,Travel_Rarely,3
690,3,No,3,2,3,2,1,Travel_Rarely,3
691,3,No,1,3,4,2,2,Travel_Rarely,6
692,4,No,3,1,4,3,3,Travel_Frequently,6
698,3,No,3,4,2,3,3,Travel_Rarely,19
699,3,Yes,2,3,2,2,3,Travel_Rarely,9
700,3,No,2,3,4,1,4,Travel_Rarely,3
701,3,Yes,3,3,3,4,4,Travel_Rarely,10
702,3,Yes,3,3,1,1,1,Travel_Frequently,3
704,3,No,2,3,3,3,3,Non-Travel,3
705,3,No,4,4,1,1,1,Travel_Rarely,4
707,4,No,4,3,2,4,3,Travel_Rarely,8
709,4,No,2,3,4,4,1,Travel_Rarely,7
710,3,No,1,3,4,2,4,Travel_Frequently,1
712,3,No,4,3,2,2,4,Travel_Rarely,2
714,4,Yes,4,3,4,4,2,Travel_Frequently,3
715,3,No,4,3,4,4,1,Travel_Rarely,10
716,3,Yes,4,3,3,4,3,Travel_Rarely,28
717,3,No,2,4,2,4,2,Travel_Rarely,9
720,3,No,3,3,3,1,1,Travel_Rarely,3
721,3,No,2,3,3,4,1,Travel_Rarely,2
722,3,No,3,2,4,4,4,Travel_Rarely,10
723,3,Yes,3,3,3,2,1,Travel_Frequently,8
724,3,No,4,2,4,2,3,Travel_Rarely,1
725,3,No,3,3,1,3,4,Travel_Rarely,1
727,3,No,3,3,4,3,4,Travel_Rarely,3
728,3,No,3,3,1,4,4,Travel_Rarely,14
729,4,Yes,2,3,1,4,3,Travel_Frequently,5
730,3,No,4,3,3,3,3,Travel_Rarely,7
731,3,No,2,2,4,2,2,Travel_Rarely,10
732,3,No,3,3,1,1,4,Travel_Rarely,16
733,4,No,3,2,1,4,3,Travel_Frequently,10
734,3,No,2,3,3,4,2,Travel_Rarely,1
738,3,No,3,3,2,4,4,Travel_Rarely,8
741,3,Yes,1,3,2,1,4,Travel_Rarely,1
742,3,No,4,3,1,1,1,Non-Travel,8
743,3,Yes,3,4,3,3,4,Travel_Rarely,1
744,3,No,1,3,3,1,3,Non-Travel,24
746,3,Yes,3,2,3,4,4,Travel_Frequently,3
747,4,No,3,2,4,3,4,Travel_Rarely,27
749,3,No,3,3,3,3,3,Travel_Rarely,10
752,3,Yes,4,3,3,3,4,Travel_Frequently,19
754,3,No,2,3,4,4,3,Travel_Frequently,15
757,3,No,3,3,3,2,4,Travel_Rarely,8
758,3,No,3,4,1,2,4,Travel_Rarely,9
760,3,No,4,1,2,3,3,Travel_Rarely,3
762,3,No,3,2,4,3,3,Travel_Rarely,9
763,4,Yes,2,2,4,4,4,Travel_Rarely,2
764,3,No,2,1,1,4,1,Travel_Rarely,7
766,3,No,3,3,2,4,4,Travel_Rarely,10
769,3,No,3,3,4,4,4,Travel_Rarely,6
771,3,No,3,4,1,4,1,Non-Travel,2
772,3,No,3,3,4,1,4,Travel_Frequently,24
773,3,Yes,3,1,3,4,2,Travel_Rarely,2
775,3,No,3,3,1,2,3,Travel_Rarely,8
776,3,No,2,4,1,3,1,Travel_Rarely,3
780,3,Yes,3,2,4,4,3,Travel_Rarely,1
781,4,No,3,2,4,3,2,Travel_Rarely,26
783,3,No,1,3,3,2,1,Travel_Rarely,2
784,3,No,4,3,3,1,4,Travel_Rarely,10
785,3,Yes,4,3,3,2,4,Travel_Frequently,27
786,4,No,3,3,4,4,3,Travel_Rarely,2
787,3,Yes,3,3,1,4,4,Travel_Rarely,2
789,3,No,2,3,1,1,2,Non-Travel,8
791,3,No,3,3,4,4,1,Non-Travel,19
792,3,No,1,3,4,1,1,Travel_Frequently,1
793,3,No,3,2,3,2,1,Travel_Rarely,27
796,3,No,2,2,1,4,3,Travel_Rarely,8
797,3,No,4,3,4,2,3,Travel_Rarely,1
799,3,Yes,3,3,1,4,2,Travel_Rarely,19
800,3,No,3,3,4,3,2,Travel_Frequently,8
802,3,Yes,3,2,1,4,2,Travel_Rarely,10
803,3,Yes,4,3,1,1,4,Travel_Frequently,2
804,3,No,2,3,1,3,3,Travel_Rarely,2
805,3,No,3,2,4,1,2,Travel_Rarely,8
806,4,No,1,3,3,4,3,Travel_Rarely,1
807,4,No,4,3,2,3,4,Travel_Frequently,2
808,3,No,3,3,1,3,2,Travel_Rarely,8
809,3,No,3,2,4,2,2,Travel_Frequently,8
811,4,Yes,4,3,1,3,3,Travel_Rarely,6
812,3,No,2,3,2,3,3,Non-Travel,9
813,4,No,3,3,3,4,2,Travel_Rarely,11
815,3,No,3,3,3,3,4,Travel_Rarely,2
816,3,Yes,2,3,1,2,4,Travel_Rarely,1
817,3,No,3,4,3,3,4,Travel_Rarely,7
819,3,No,3,3,1,1,3,Travel_Rarely,16
820,3,Yes,3,2,4,3,3,Travel_Rarely,2
823,3,No,3,3,2,3,1,Travel_Rarely,1
824,4,No,4,3,3,3,3,Travel_Rarely,23
825,3,Yes,3,3,2,4,4,Travel_Rarely,2
826,3,No,4,3,3,4,3,Travel_Rarely,1
827,3,Yes,2,3,4,4,4,Travel_Rarely,1
828,3,No,3,2,3,3,4,Travel_Rarely,2
829,3,No,3,3,2,3,2,Travel_Rarely,13
830,3,No,2,3,3,3,3,Travel_Rarely,4
832,3,No,2,3,3,1,4,Travel_Frequently,16
833,4,Yes,2,2,4,3,2,Travel_Rarely,2
834,3,No,2,3,3,2,4,Travel_Rarely,2
836,3,No,3,2,2,2,4,Travel_Rarely,29
837,3,No,2,2,1,1,3,Travel_Frequently,12
838,3,No,2,3,4,3,3,Travel_Frequently,16
840,3,No,3,4,4,3,1,Travel_Rarely,11
842,3,No,3,2,4,3,3,Travel_Rarely,2
843,4,No,3,3,1,2,3,Travel_Rarely,14
844,3,Yes,2,3,4,3,2,Travel_Rarely,5
845,4,No,3,4,3,3,2,Travel_Rarely,7
846,4,Yes,3,3,2,2,1,Travel_Rarely,2
847,3,No,3,1,4,3,3,Travel_Rarely,3
848,3,Yes,2,3,3,3,1,Travel_Frequently,5
850,3,No,3,2,4,4,3,Non-Travel,3
851,3,No,3,2,3,1,3,Travel_Rarely,26
852,3,No,3,2,2,4,4,Travel_Rarely,4
854,3,No,4,2,1,1,3,Travel_Rarely,2
855,4,No,4,3,1,1,1,Travel_Rarely,1
856,3,No,2,2,1,3,4,Travel_Rarely,27
857,3,Yes,3,2,4,2,4,Travel_Rarely,1
859,3,No,3,2,4,2,3,Travel_Rarely,13
861,3,No,2,2,4,2,2,Travel_Frequently,5
862,3,Yes,2,3,4,1,4,Travel_Rarely,7
864,3,Yes,3,3,1,4,3,Travel_Rarely,9
865,3,No,4,2,3,3,3,Travel_Rarely,8
867,4,No,2,3,4,3,3,Travel_Frequently,25
868,3,No,2,3,3,4,4,Travel_Rarely,16
869,3,No,2,3,4,2,4,Travel_Rarely,8
872,4,No,2,1,4,4,1,Travel_Rarely,1
874,4,Yes,4,2,4,1,3,Travel_Rarely,8
875,3,Yes,3,3,4,2,4,Travel_Frequently,2
878,4,No,2,3,1,1,3,Travel_Rarely,8
879,3,Yes,3,3,1,3,4,Travel_Rarely,3
880,4,Yes,2,3,3,4,2,Travel_Rarely,9
881,3,Yes,3,2,2,4,1,Travel_Frequently,25
882,3,No,3,3,4,4,2,Non-Travel,1
885,3,No,2,4,1,3,1,Travel_Rarely,4
887,3,No,3,3,1,3,2,Travel_Rarely,1
888,3,No,2,2,4,1,4,Non-Travel,4
889,3,No,3,3,2,2,4,Travel_Frequently,5
893,3,No,2,3,2,2,4,Travel_Rarely,9
894,3,Yes,4,2,4,3,2,Travel_Rarely,3
895,3,Yes,3,3,4,4,2,Travel_Rarely,11
896,3,Yes,2,3,3,2,3,Travel_Rarely,1
897,3,No,3,3,4,1,3,Travel_Rarely,8
899,3,No,2,3,2,4,1,Travel_Rarely,25
900,3,No,3,3,4,3,2,Travel_Frequently,21
901,3,No,3,3,4,4,3,Travel_Rarely,23
902,3,No,3,2,4,4,2,Travel_Frequently,1
903,4,Yes,3,3,4,3,1,Travel_Rarely,2
904,3,Yes,3,3,2,1,4,Non-Travel,19
905,3,No,3,3,1,1,4,Non-Travel,2
909,3,No,2,3,4,4,3,Travel_Rarely,2
910,3,Yes,3,4,2,4,3,Travel_Rarely,3
911,4,Yes,3,1,4,1,3,Travel_Rarely,25
912,3,No,2,3,4,1,3,Travel_Rarely,7
913,3,Yes,3,3,1,2,4,Travel_Rarely,9
916,3,No,3,3,4,1,2,Travel_Rarely,5
918,3,Yes,2,2,4,4,4,Travel_Frequently,2
920,4,No,3,4,2,1,3,Travel_Rarely,8
922,3,No,2,2,3,3,4,Travel_Rarely,2
923,3,No,3,2,4,4,1,Travel_Rarely,18
924,3,Yes,3,2,4,3,1,Travel_Rarely,14
925,3,Yes,2,2,4,4,1,Travel_Rarely,2
926,3,Yes,3,4,3,2,1,Travel_Rarely,3
927,3,Yes,1,2,4,2,3,Travel_Rarely,2
930,3,No,3,3,3,3,2,Travel_Rarely,9
932,4,Yes,3,1,1,4,4,Travel_Rarely,6
933,3,No,3,3,3,2,3,Travel_Rarely,4
934,3,No,3,3,2,2,2,Travel_Rarely,10
936,3,No,2,3,3,3,1,Travel_Rarely,14
939,3,Yes,2,3,1,3,2,Travel_Rarely,1
940,3,Yes,2,3,2,3,4,Travel_Rarely,5
941,3,No,2,4,3,2,2,Travel_Rarely,7
942,4,Yes,3,1,4,4,4,Travel_Rarely,21
944,3,No,3,2,2,1,3,Travel_Rarely,8
945,3,No,3,2,3,4,1,Travel_Rarely,20
947,3,No,3,2,3,4,4,Non-Travel,20
949,3,No,3,3,4,2,3,Travel_Rarely,7
950,3,No,3,3,1,4,2,Travel_Rarely,1
951,4,No,2,3,2,3,3,Non-Travel,1
952,3,Yes,2,3,2,3,3,Travel_Rarely,19
954,3,No,2,2,2,1,2,Travel_Rarely,10
956,3,No,2,3,1,3,2,Travel_Frequently,1
957,3,Yes,3,3,1,4,3,Travel_Rarely,6
958,4,No,3,3,3,3,3,Travel_Rarely,2
959,3,Yes,2,4,2,4,2,Travel_Rarely,21
960,3,No,3,3,1,1,2,Travel_Rarely,4
961,3,Yes,3,1,4,4,3,Travel_Rarely,12
964,3,Yes,3,3,2,4,4,Travel_Frequently,9
966,3,No,3,4,1,3,3,Travel_Rarely,3
967,3,Yes,2,3,4,3,1,Travel_Rarely,3
969,3,No,2,3,4,2,1,Travel_Rarely,1
970,3,No,2,1,3,1,3,Travel_Rarely,1
972,3,No,3,2,2,3,2,Non-Travel,4
974,3,No,3,3,4,3,2,Travel_Frequently,20
975,3,No,3,3,3,3,2,Travel_Rarely,18
976,3,No,3,2,4,4,2,Travel_Rarely,1
977,4,No,3,3,3,4,1,Travel_Rarely,2
981,3,No,3,4,3,3,3,Travel_Rarely,2
982,3,No,3,4,3,3,1,Travel_Rarely,8
983,3,Yes,3,3,4,3,2,Non-Travel,10
984,3,No,3,3,4,4,2,Travel_Rarely,3
985,3,No,4,3,3,1,4,Travel_Rarely,2
986,3,Yes,4,2,2,2,4,Non-Travel,24
987,3,Yes,4,4,3,3,3,Travel_Frequently,16
990,3,No,3,3,4,1,4,Non-Travel,8
991,4,Yes,2,3,1,3,1,Non-Travel,9
992,3,No,3,3,3,4,4,Non-Travel,17
994,4,Yes,2,3,1,4,3,Travel_Rarely,10
995,3,No,3,3,4,2,1,Travel_Rarely,13
996,3,No,3,3,4,4,4,Travel_Rarely,1
997,4,No,3,2,4,4,3,Travel_Rarely,1
998,3,Yes,4,3,2,3,1,Travel_Frequently,1
999,3,No,3,4,3,1,2,Travel_Frequently,9
1001,3,No,3,3,2,3,2,Travel_Rarely,16
1002,3,Yes,3,3,1,4,3,Non-Travel,23
1003,3,Yes,3,3,4,4,3,Travel_Rarely,4
1004,3,Yes,3,3,3,1,2,Travel_Rarely,22
1005,3,Yes,3,3,3,4,4,Travel_Rarely,24
1006,3,No,3,2,3,3,2,Travel_Frequently,10
1007,3,No,3,3,3,4,2,Travel_Rarely,7
1009,3,No,2,3,3,4,2,Travel_Rarely,17
1010,4,Yes,2,1,2,3,4,Travel_Rarely,14
1011,3,No,3,3,1,3,3,Travel_Frequently,1
1012,3,No,3,3,4,2,4,Non-Travel,5
1013,3,No,3,3,3,3,3,Travel_Rarely,17
1014,3,Yes,3,2,3,3,3,Travel_Rarely,25
1015,3,Yes,4,2,1,2,3,Travel_Rarely,8
1016,3,Yes,2,3,1,4,1,Travel_Rarely,11
1017,3,No,3,3,2,2,1,Travel_Frequently,5
1018,3,No,4,3,4,4,2,Travel_Rarely,2
1019,3,No,1,2,1,2,1,Travel_Rarely,8
1022,3,No,2,3,3,1,4,Travel_Rarely,6
1024,3,No,2,3,3,3,2,Travel_Rarely,4
1025,3,No,3,3,3,4,2,Travel_Rarely,7
1026,3,No,2,3,4,4,3,Travel_Rarely,1
1027,3,No,3,3,4,1,2,Travel_Rarely,2
1028,4,No,3,2,4,2,1,Travel_Rarely,10
1029,3,No,3,4,3,4,2,Travel_Rarely,5
1030,3,No,3,3,4,1,2,Travel_Rarely,9
1032,3,Yes,2,3,4,3,1,Travel_Rarely,2
1033,3,No,1,1,2,1,1,Travel_Rarely,11
1034,3,Yes,3,3,2,3,4,Travel_Frequently,18
1035,4,No,1,3,3,2,2,Non-Travel,7
1036,3,Yes,3,3,4,2,3,Travel_Rarely,3
1037,3,No,1,3,1,2,4,Non-Travel,29
1038,3,No,1,3,4,1,4,Travel_Rarely,2
1039,3,Yes,4,3,4,4,3,Travel_Rarely,28
1040,3,No,3,3,3,4,1,Non-Travel,1
1042,3,No,4,3,1,3,3,Travel_Rarely,16
1043,3,Yes,3,3,1,4,3,Travel_Frequently,22
1044,3,No,2,2,4,2,4,Non-Travel,8
1045,3,No,3,4,4,4,2,Travel_Rarely,11
1046,3,No,3,3,3,4,2,Non-Travel,29
1047,3,No,4,2,4,2,4,Travel_Rarely,1
1048,3,Yes,3,1,4,2,3,Travel_Rarely,1
1049,3,No,3,3,2,2,1,Travel_Rarely,24
1050,3,No,2,3,2,3,1,Travel_Frequently,2
1052,3,No,3,2,3,1,2,Travel_Rarely,15
1053,3,Yes,3,3,1,1,2,Travel_Frequently,2
1055,3,Yes,3,3,3,3,4,Travel_Rarely,10
1056,4,No,3,3,2,4,2,Travel_Rarely,10
1060,3,No,3,3,3,3,1,Travel_Frequently,3
1061,3,Yes,3,2,3,2,4,Travel_Rarely,2
1062,3,No,3,2,2,4,1,Travel_Rarely,3
1066,3,No,3,2,1,3,2,Travel_Rarely,26
1068,3,No,2,3,3,1,3,Travel_Frequently,1
1069,3,No,3,3,4,4,4,Travel_Rarely,1
1070,3,No,2,3,3,3,2,Travel_Rarely,2
1071,3,No,3,3,3,1,2,Travel_Frequently,9
1073,3,No,2,2,4,4,2,Travel_Rarely,12
1074,3,No,2,4,1,3,2,Non-Travel,2
1076,3,No,2,3,4,3,3,Travel_Rarely,25
1077,3,Yes,3,3,4,4,2,Travel_Frequently,9
1079,3,No,2,2,1,3,1,Travel_Rarely,10
1080,4,Yes,2,3,1,4,1,Travel_Rarely,8
1081,3,Yes,3,4,3,1,3,Travel_Rarely,4
1082,3,No,2,2,1,2,1,Non-Travel,24
1083,3,No,2,3,1,1,1,Travel_Rarely,1
1084,3,No,3,2,1,3,3,Travel_Rarely,20
1085,3,No,4,3,3,2,3,Travel_Rarely,7
1088,3,No,2,2,3,3,1,Travel_Rarely,17
1092,4,No,3,3,4,1,4,Travel_Rarely,20
1094,3,No,1,3,3,1,4,Non-Travel,8
1096,3,No,3,3,2,4,2,Travel_Frequently,2
1097,3,No,3,4,3,3,4,Travel_Rarely,10
1098,3,No,2,3,1,2,4,Travel_Rarely,1
1099,3,No,2,3,4,4,3,Travel_Rarely,5
1100,4,Yes,3,3,1,4,1,Travel_Rarely,4
1101,4,No,2,3,3,1,2,Travel_Frequently,29
1102,3,No,3,2,3,1,4,Travel_Rarely,15
1103,3,No,3,2,4,1,3,Travel_Frequently,3
1105,3,Yes,2,3,4,4,3,Travel_Rarely,10
1106,3,Yes,3,4,4,4,2,Travel_Rarely,4
1107,4,No,3,2,3,1,3,Travel_Rarely,21
1108,4,Yes,2,3,2,1,2,Travel_Rarely,25
1109,3,No,3,3,1,4,4,Travel_Rarely,2
1111,3,No,2,3,2,1,1,Travel_Frequently,1
1113,3,Yes,3,3,3,4,4,Travel_Frequently,1
1114,3,No,3,3,2,4,3,Travel_Frequently,7
1115,3,No,2,3,4,3,4,Non-Travel,3
1116,4,No,4,2,4,1,3,Non-Travel,1
1117,3,No,2,3,3,2,4,Non-Travel,9
1118,3,No,3,3,2,2,4,Travel_Rarely,7
1119,3,Yes,2,3,3,3,2,Travel_Rarely,10
1120,4,No,3,3,4,3,1,Travel_Rarely,28
1121,3,No,3,2,2,4,2,Travel_Rarely,3
1124,3,No,3,3,3,1,4,Travel_Rarely,3
1125,3,No,3,3,2,4,3,Travel_Rarely,2
1126,3,No,3,3,1,3,3,Travel_Frequently,27
1127,3,No,3,3,4,1,4,Travel_Frequently,2
1128,3,No,2,4,3,3,1,Travel_Rarely,14
1131,3,Yes,2,4,2,4,3,Travel_Rarely,1
1132,3,No,3,2,2,3,3,Non-Travel,9
1133,4,No,3,3,4,1,1,Non-Travel,18
1135,3,No,4,3,4,3,1,Travel_Frequently,20
1136,3,No,2,1,2,1,1,Travel_Rarely,2
1137,3,No,3,3,4,4,4,Travel_Frequently,11
1138,3,No,2,3,2,4,2,Travel_Rarely,8
1140,3,No,3,2,3,4,4,Travel_Frequently,2
1143,3,No,3,2,2,4,4,Travel_Frequently,10
1148,3,No,1,3,4,2,1,Travel_Rarely,29
1150,3,Yes,2,2,4,2,3,Travel_Rarely,8
1152,3,No,4,4,3,3,4,Travel_Rarely,1
1154,3,Yes,2,3,3,3,4,Travel_Frequently,6
1156,3,No,3,3,3,3,4,Non-Travel,8
1157,3,Yes,3,3,1,1,1,Travel_Rarely,9
1158,3,Yes,3,3,4,2,1,Travel_Rarely,12
1160,3,No,3,2,3,3,3,Travel_Frequently,15
1161,3,No,2,3,4,3,3,Travel_Rarely,25
1162,3,No,2,3,3,4,3,Travel_Rarely,6
1163,4,No,3,2,3,2,1,Travel_Rarely,9
1164,3,No,3,1,3,3,2,Travel_Rarely,8
1165,3,No,2,1,1,4,1,Travel_Rarely,23
1166,3,No,3,2,3,2,3,Travel_Frequently,9
1167,3,Yes,3,2,1,3,2,Travel_Frequently,12
1171,3,No,3,4,1,2,4,Travel_Rarely,4
1172,3,No,2,3,3,4,2,Travel_Rarely,1
1173,4,No,3,3,2,4,4,Travel_Rarely,24
1175,3,Yes,3,2,4,3,4,Travel_Rarely,12
1177,4,No,4,3,4,1,2,Travel_Rarely,3
1179,3,No,2,3,3,3,1,Travel_Rarely,10
1180,3,Yes,2,1,4,3,4,Travel_Frequently,26
1182,3,No,2,4,2,3,2,Travel_Rarely,2
1184,4,No,2,3,1,4,3,Travel_Frequently,1
1185,3,No,2,4,4,4,2,Travel_Frequently,4
1188,3,No,1,2,3,1,2,Travel_Rarely,9
1190,3,No,3,3,1,3,3,Non-Travel,2
1191,3,No,3,3,1,4,4,Travel_Rarely,4
1192,3,No,3,3,4,2,1,Travel_Rarely,6
1193,4,No,3,3,1,3,3,Travel_Rarely,9
1195,3,Yes,3,2,3,1,3,Travel_Rarely,7
1196,3,No,2,2,4,4,2,Travel_Rarely,1
1198,3,No,2,2,3,1,1,Travel_Rarely,3
1200,3,Yes,3,3,3,3,3,Travel_Rarely,10
1201,3,No,3,3,3,4,2,Travel_Rarely,7
1202,3,Yes,1,2,4,2,1,Travel_Rarely,15
1203,3,Yes,2,3,4,3,2,Travel_Frequently,3
1204,4,No,3,3,1,3,1,Travel_Rarely,2
1206,3,No,1,3,3,4,4,Non-Travel,17
1207,3,No,3,3,3,2,4,Travel_Rarely,2
1210,3,No,2,1,1,1,1,Non-Travel,5
1211,3,No,3,3,1,3,3,Travel_Rarely,29
1212,3,No,3,3,2,2,4,Travel_Frequently,2
1215,4,No,3,3,1,4,3,Travel_Frequently,2
1216,3,No,2,3,1,4,3,Travel_Rarely,19
1217,3,No,3,3,2,4,1,Travel_Rarely,15
1218,3,Yes,3,3,1,3,4,Travel_Rarely,17
1219,3,No,3,1,2,4,1,Travel_Rarely,17
1220,3,No,3,2,3,2,1,Travel_Frequently,25
1221,3,No,1,3,3,3,3,Travel_Rarely,6
1224,3,No,3,2,3,3,1,Travel_Rarely,7
1225,4,No,3,3,4,4,2,Travel_Rarely,29
1226,3,No,4,3,4,3,4,Travel_Rarely,21
1228,3,No,3,2,4,4,3,Travel_Rarely,2
1231,3,No,4,4,1,4,1,Non-Travel,2
1233,3,Yes,4,3,4,2,2,Travel_Rarely,7
1234,4,No,2,3,2,3,3,Travel_Frequently,13
1235,3,Yes,3,3,3,4,4,Travel_Frequently,2
1237,4,Yes,1,3,1,3,3,Travel_Rarely,1
1238,3,No,3,3,4,1,2,Travel_Rarely,9
1239,3,No,2,4,2,2,2,Travel_Rarely,10
1240,3,No,3,3,4,3,2,Travel_Rarely,10
1241,4,Yes,3,3,2,4,1,Travel_Rarely,1
1242,3,Yes,3,3,1,1,3,Travel_Frequently,26
1243,3,Yes,2,2,4,3,2,Non-Travel,8
1244,3,Yes,3,2,1,1,4,Travel_Rarely,14
1245,3,No,3,1,3,4,1,Travel_Frequently,1
1246,3,No,4,3,4,1,4,Travel_Rarely,2
1248,4,Yes,2,4,2,1,2,Non-Travel,10
1249,3,No,3,3,4,1,1,Travel_Rarely,1
1250,3,No,3,3,4,4,1,Travel_Rarely,3
1251,3,Yes,3,2,1,3,4,Travel_Rarely,11
1252,3,No,2,3,1,3,2,Travel_Rarely,24
1254,3,No,2,3,4,3,4,Travel_Rarely,3
1255,3,No,1,3,4,3,2,Travel_Rarely,3
1256,3,No,2,4,3,1,3,Travel_Rarely,4
1257,3,No,3,2,2,3,3,Travel_Frequently,3
1258,3,No,4,2,2,4,3,Travel_Rarely,2
1259,3,No,3,3,3,1,2,Travel_Rarely,4
1260,3,Yes,3,3,4,3,2,Travel_Rarely,7
1263,3,No,2,4,4,4,3,Travel_Rarely,1
1264,3,No,2,2,4,4,2,Travel_Rarely,1
1265,3,No,4,2,3,3,4,Travel_Rarely,20
1267,3,No,3,3,2,2,3,Travel_Rarely,5
1268,3,Yes,4,3,3,4,4,Travel_Rarely,10
1269,3,Yes,4,3,4,2,4,Travel_Rarely,25
1270,4,No,3,3,3,4,4,Travel_Rarely,1
1273,3,Yes,1,3,4,3,4,Travel_Frequently,24
1275,4,Yes,3,2,4,3,2,Travel_Rarely,4
1277,3,Yes,1,3,2,1,1,Travel_Rarely,2
1278,3,Yes,2,3,2,4,4,Non-Travel,8
1279,4,No,2,1,3,1,3,Travel_Frequently,10
1280,3,No,2,3,2,4,3,Travel_Rarely,4
1281,3,Yes,3,3,1,3,4,Travel_Rarely,2
1282,4,Yes,3,2,2,4,1,Travel_Frequently,9
1283,3,No,3,2,4,4,4,Travel_Rarely,18
1285,3,No,3,4,2,3,3,Travel_Frequently,19
1286,3,Yes,3,2,3,4,3,Travel_Frequently,1
1288,3,No,4,2,1,3,4,Travel_Rarely,4
1289,3,No,2,4,2,3,4,Travel_Frequently,11
1291,3,Yes,3,3,3,3,4,Travel_Rarely,6
1292,3,Yes,4,3,2,2,4,Travel_Rarely,7
1293,3,No,2,4,4,4,4,Travel_Rarely,4
1294,3,Yes,3,3,2,3,4,Travel_Rarely,2
1295,3,No,3,3,4,1,4,Travel_Rarely,15
1296,3,Yes,2,3,4,4,2,Travel_Frequently,2
1297,3,No,2,2,3,2,2,Travel_Frequently,6
1298,3,Yes,3,3,3,3,3,Non-Travel,9
1299,3,Yes,3,3,3,2,1,Travel_Rarely,7
1301,3,No,3,2,1,4,2,Travel_Rarely,1
1303,3,No,3,2,2,4,4,Travel_Rarely,1
1304,3,No,4,4,4,3,3,Travel_Rarely,8
1306,4,No,3,3,2,2,3,Travel_Frequently,25
1307,3,Yes,2,3,2,3,4,Travel_Rarely,13
1308,3,No,3,3,3,1,4,Travel_Rarely,23
1309,3,No,3,3,3,4,1,Travel_Rarely,7
1310,3,No,3,3,1,3,1,Travel_Rarely,23
1311,3,No,2,3,4,1,1,Travel_Rarely,6
1312,3,No,3,3,3,4,1,Travel_Rarely,10
1314,3,No,3,4,1,4,3,Travel_Rarely,1
1315,3,No,1,3,4,3,1,Non-Travel,1
1317,3,Yes,3,3,1,4,2,Travel_Rarely,28
1318,3,Yes,2,3,2,4,3,Travel_Rarely,25
1319,3,Yes,3,2,2,2,3,Travel_Rarely,5
1321,4,Yes,3,3,1,2,4,Travel_Rarely,17
1322,3,No,3,3,3,1,1,Travel_Rarely,18
1324,3,Yes,3,2,3,4,1,Non-Travel,2
1329,3,No,1,3,2,3,1,Non-Travel,10
1331,3,Yes,3,4,2,4,1,Travel_Frequently,1
1333,3,No,3,4,1,1,3,Travel_Rarely,3
1334,3,Yes,3,2,3,3,4,Non-Travel,2
1336,3,No,1,3,3,4,4,Travel_Rarely,2
1338,3,No,3,3,2,4,1,Travel_Rarely,8
1340,3,No,3,3,3,3,2,Non-Travel,16
1344,3,No,3,2,4,4,4,Travel_Rarely,9
1346,3,No,3,3,4,3,3,Travel_Rarely,2
1349,3,No,3,3,1,3,4,Travel_Frequently,1
1350,3,Yes,3,3,3,3,2,Travel_Frequently,4
1352,3,Yes,3,3,2,3,2,Travel_Rarely,5
1355,3,No,3,3,1,2,4,Travel_Rarely,2
1356,3,No,3,4,1,3,4,Travel_Rarely,15
1358,3,No,3,2,4,4,3,Travel_Rarely,19
1360,3,Yes,2,2,1,3,4,Travel_Rarely,7
1361,4,No,3,3,2,2,3,Travel_Rarely,1
1362,3,No,4,2,1,1,4,Travel_Frequently,7
1363,3,No,3,3,4,4,3,Travel_Rarely,4
1364,3,No,4,3,4,3,2,Travel_Rarely,11
1367,3,No,2,2,2,4,2,Travel_Rarely,11
1368,3,No,3,4,4,4,3,Non-Travel,1
1369,3,No,2,3,4,4,2,Travel_Rarely,1
1371,4,No,1,3,4,4,2,Travel_Frequently,2
1372,3,Yes,4,2,3,1,3,Travel_Rarely,13
1373,3,Yes,3,3,2,4,1,Travel_Rarely,23
1374,4,No,2,3,3,1,3,Non-Travel,26
1375,4,No,4,3,3,2,2,Travel_Rarely,2
1377,3,No,3,3,3,2,1,Travel_Rarely,29
1379,3,No,2,4,4,3,3,Travel_Frequently,2
1380,3,Yes,3,2,3,4,3,Travel_Frequently,18
1382,3,No,4,3,3,4,4,Travel_Frequently,7
1383,3,No,3,4,4,3,4,Travel_Rarely,2
1387,3,No,2,3,1,3,3,Travel_Rarely,26
1389,3,Yes,3,2,3,4,4,Travel_Rarely,22
1390,3,Yes,2,4,4,1,4,Travel_Rarely,21
1391,3,No,3,3,2,2,2,Travel_Frequently,2
1392,3,Yes,3,2,4,4,1,Travel_Frequently,22
1394,3,Yes,3,3,3,3,4,Travel_Rarely,4
1395,3,No,3,4,4,2,1,Travel_Frequently,5
1396,3,Yes,3,2,2,3,1,Travel_Rarely,2
1397,4,No,3,3,3,3,2,Non-Travel,25
1399,3,No,4,2,3,1,2,Travel_Rarely,18
1401,3,Yes,4,2,3,4,2,Travel_Frequently,28
1402,3,Yes,2,1,3,1,1,Travel_Rarely,6
1403,3,Yes,2,3,4,4,4,Travel_Rarely,10
1405,3,Yes,3,3,3,4,4,Travel_Rarely,17
1407,3,No,2,3,4,1,4,Travel_Rarely,2
1408,3,No,3,3,1,3,3,Travel_Rarely,10
1409,3,No,3,1,1,3,3,Travel_Rarely,8
1411,3,No,3,3,3,1,1,Travel_Rarely,11
1412,3,No,3,3,4,3,3,Travel_Frequently,18
1415,3,No,3,2,4,1,2,Travel_Rarely,1
1417,3,No,4,3,1,3,4,Travel_Rarely,7
1419,3,No,2,2,1,2,1,Travel_Rarely,17
1420,4,No,2,3,1,1,1,Travel_Frequently,28
1421,3,Yes,3,3,4,3,1,Travel_Frequently,14
1422,3,No,3,2,4,4,4,Travel_Rarely,1
1423,4,Yes,3,3,1,4,3,Travel_Rarely,1
1424,3,No,4,4,4,2,4,Travel_Rarely,1
1425,3,Yes,3,3,2,1,4,Travel_Rarely,3
1427,3,No,1,3,3,2,2,Travel_Frequently,1
1428,3,No,3,3,1,4,2,Travel_Rarely,7
1430,3,No,3,4,2,1,3,Travel_Rarely,8
1431,3,No,3,3,1,4,3,Travel_Frequently,1
1433,3,No,2,4,2,1,3,Travel_Rarely,8
1434,3,No,3,4,1,2,2,Travel_Rarely,11
1435,3,No,2,2,4,1,3,Travel_Rarely,4
1436,3,No,2,2,1,3,1,Travel_Rarely,16
1438,3,No,3,2,4,1,3,Travel_Rarely,1
1439,3,No,2,3,1,1,1,Travel_Rarely,9
1440,3,No,4,1,3,3,1,Non-Travel,5
1441,4,No,3,4,1,1,4,Travel_Rarely,1
1443,3,No,3,4,3,1,2,Travel_Rarely,2
1445,3,Yes,3,3,3,4,3,Travel_Rarely,4
1446,3,No,3,2,4,4,3,Travel_Rarely,7
1447,3,No,2,2,2,4,1,Travel_Rarely,1
1448,3,Yes,4,2,3,2,1,Travel_Rarely,5
1449,3,No,3,4,3,3,3,Non-Travel,9
1453,3,No,3,3,4,1,1,Travel_Rarely,8
1457,3,No,3,4,4,1,1,Travel_Rarely,9
1458,4,Yes,2,4,1,1,2,Non-Travel,2
1459,3,No,4,3,2,3,1,Travel_Frequently,1
1460,3,Yes,1,3,1,2,2,Travel_Rarely,20
1461,3,No,4,3,2,4,4,Travel_Rarely,8
1464,3,Yes,3,1,4,2,3,Travel_Frequently,2
1465,3,Yes,3,4,4,2,4,Travel_Rarely,29
1466,3,No,3,3,1,3,1,Travel_Rarely,7
1467,3,No,3,3,3,1,4,Travel_Rarely,9
1468,3,No,2,3,2,4,3,Non-Travel,8
1469,3,No,3,3,1,4,4,Travel_Rarely,5
1471,3,No,2,3,3,3,4,Non-Travel,5
1472,3,No,4,2,2,4,2,Travel_Rarely,2
1473,3,No,3,2,3,1,2,Travel_Rarely,5
1474,3,No,3,4,3,3,3,Travel_Rarely,2
1475,3,No,3,2,2,4,3,Travel_Rarely,20
1477,3,No,3,3,1,4,1,Travel_Frequently,7
1478,3,No,1,3,1,4,4,Travel_Rarely,3
1479,3,No,3,2,3,4,3,Travel_Rarely,16
1480,3,No,3,3,4,1,3,Travel_Frequently,9
1481,3,No,3,2,3,1,3,Travel_Frequently,1
1482,3,No,3,2,3,3,2,Non-Travel,7
1483,4,No,4,2,3,2,1,Travel_Rarely,1
1484,3,No,3,3,2,3,2,Travel_Rarely,7
1485,3,No,3,2,1,2,4,Travel_Frequently,15
1486,3,No,3,4,3,1,4,Travel_Frequently,1
1487,3,No,3,1,2,1,1,Travel_Frequently,13
1489,4,Yes,2,4,2,1,3,Travel_Rarely,24
1492,3,No,3,3,3,4,1,Travel_Rarely,7
1494,3,Yes,3,2,1,2,3,Travel_Frequently,9
1495,3,No,3,3,2,4,3,Non-Travel,13
1496,3,Yes,3,2,3,2,2,Travel_Frequently,2
1497,3,No,2,3,3,3,3,Travel_Rarely,19
1499,4,No,3,4,3,3,1,Travel_Rarely,1
1501,3,Yes,3,3,3,4,2,Travel_Rarely,4
1502,3,No,2,3,2,1,4,Travel_Rarely,4
1503,3,Yes,3,2,3,3,3,Travel_Rarely,14
1504,3,No,2,2,1,3,3,Travel_Frequently,2
1506,3,No,2,1,3,1,4,Travel_Rarely,1
1507,3,No,3,3,1,3,4,Travel_Frequently,7
1509,4,No,2,3,1,3,1,Travel_Rarely,3
1513,3,No,3,3,2,4,3,Travel_Frequently,2
1514,3,No,1,2,2,3,2,Travel_Rarely,29
1515,3,Yes,3,3,3,4,1,Travel_Rarely,8
1516,4,No,3,4,4,3,2,Travel_Rarely,10
1520,4,No,3,3,4,2,1,Travel_Frequently,11
1522,3,No,2,1,1,1,3,Travel_Rarely,1
1523,3,No,3,4,1,4,3,Travel_Rarely,28
1525,3,No,3,3,2,2,4,Travel_Rarely,6
1527,3,No,3,4,2,3,4,Travel_Rarely,3
1529,3,No,2,1,2,4,4,Travel_Rarely,16
1533,3,No,3,3,3,1,2,Travel_Rarely,20
1534,3,No,3,1,1,4,2,Travel_Rarely,9
1535,3,Yes,2,3,3,4,4,Travel_Rarely,1
1537,3,No,3,1,3,4,1,Travel_Frequently,3
1539,3,Yes,1,3,4,3,4,Travel_Frequently,22
1541,4,Yes,3,3,3,2,2,Travel_Rarely,7
1542,3,No,2,3,2,3,2,Travel_Rarely,2
1543,3,No,3,3,4,1,1,Travel_Rarely,13
1544,3,No,1,3,1,3,3,Travel_Rarely,8
1545,3,No,2,3,2,4,4,Travel_Rarely,25
1546,4,No,3,3,4,4,4,Travel_Rarely,28
1547,3,Yes,3,1,4,4,3,Travel_Frequently,2
1548,3,No,3,4,1,1,4,Travel_Rarely,9
1549,3,Yes,3,3,3,2,2,Travel_Rarely,28
1550,4,Yes,3,3,4,3,4,Travel_Rarely,6
1551,3,No,2,3,1,3,2,Travel_Rarely,21
1552,3,Yes,3,3,4,4,3,Non-Travel,8
1553,3,No,3,3,2,1,1,Travel_Rarely,1
1554,4,No,2,3,3,2,1,Travel_Rarely,28
1555,3,No,2,3,2,4,1,Travel_Rarely,5
1556,4,Yes,3,2,4,3,4,Travel_Rarely,2
1557,3,No,3,3,3,3,3,Travel_Rarely,16
1558,3,No,4,2,3,3,1,Travel_Rarely,9
1560,3,No,3,1,1,1,4,Travel_Rarely,8
1562,3,No,2,3,1,2,4,Travel_Rarely,1
1563,3,No,3,3,3,3,3,Travel_Frequently,10
1564,3,No,2,3,1,4,2,Travel_Rarely,1
1568,3,No,3,3,2,3,2,Travel_Rarely,29
1569,3,Yes,3,3,1,1,4,Travel_Rarely,2
1572,3,No,2,3,4,3,2,Travel_Rarely,2
1573,3,No,3,3,2,3,1,Travel_Rarely,2
1574,3,No,3,2,1,4,2,Non-Travel,1
1576,3,No,3,2,1,3,4,Travel_Rarely,15
1577,3,No,3,1,4,1,3,Travel_Rarely,7
1578,4,No,2,3,4,3,3,Travel_Rarely,26
1580,3,No,3,2,4,2,2,Travel_Rarely,1
1581,4,No,3,3,4,1,1,Travel_Rarely,3
1582,3,No,3,3,2,3,4,Travel_Rarely,14
1583,3,No,3,4,2,2,2,Travel_Rarely,16
1585,3,No,3,3,3,2,1,Travel_Rarely,1
1586,3,Yes,3,3,1,2,4,Travel_Rarely,3
1587,3,Yes,3,3,3,1,3,Travel_Rarely,10
1588,3,No,4,3,3,4,1,Travel_Rarely,6
1590,3,No,3,4,4,1,4,Travel_Frequently,2
1591,3,Yes,3,3,3,3,3,Travel_Rarely,9
1592,3,No,4,3,3,4,4,Travel_Rarely,10
1594,3,Yes,4,3,1,1,4,Travel_Frequently,6
1595,4,No,2,3,4,4,4,Travel_Rarely,9
1596,3,No,4,2,3,2,4,Travel_Rarely,28
1597,3,No,2,2,3,4,2,Travel_Frequently,10
1598,3,No,3,3,1,4,3,Travel_Rarely,14
1599,3,No,4,3,2,4,3,Travel_Rarely,27
1601,3,No,2,2,4,3,4,Travel_Rarely,7
1602,3,No,4,1,1,4,2,Travel_Rarely,1
1604,3,Yes,3,3,2,3,3,Travel_Rarely,24
1605,3,Yes,2,2,3,2,2,Non-Travel,26
1606,3,Yes,3,3,3,2,3,Travel_Frequently,20
1607,3,No,4,3,4,2,4,Travel_Rarely,5
1608,3,Yes,3,2,4,2,4,Travel_Rarely,7
1609,3,No,2,2,2,2,2,Travel_Rarely,7
1611,3,Yes,1,3,1,3,1,Travel_Rarely,5
1612,3,No,2,3,1,1,1,Non-Travel,26
1613,3,No,3,3,1,4,4,Travel_Frequently,2
1614,3,Yes,3,3,3,3,2,Travel_Rarely,12
1615,3,No,4,3,4,3,1,Travel_Frequently,10
1617,3,No,3,2,1,3,4,Travel_Rarely,25
1618,3,No,3,3,1,2,4,Travel_Rarely,10
1619,3,No,2,3,1,4,1,Travel_Rarely,19
1621,3,No,4,3,1,2,4,Travel_Rarely,18
1622,4,No,1,2,1,2,2,Travel_Rarely,27
1623,3,No,3,3,4,3,3,Travel_Rarely,5
1624,3,Yes,3,4,4,2,3,Travel_Frequently,3
1625,3,No,3,3,3,4,3,Travel_Rarely,26
1627,3,No,2,3,3,3,4,Travel_Rarely,3
1628,3,No,2,3,3,1,4,Travel_Rarely,15
1630,3,No,3,3,3,3,4,Non-Travel,8
1631,3,No,3,2,3,3,1,Travel_Rarely,19
1633,3,No,3,1,3,1,4,Travel_Frequently,4
1635,3,No,2,3,4,4,1,Travel_Rarely,2
1638,3,Yes,2,4,3,4,4,Travel_Rarely,2
1639,3,No,2,3,1,4,3,Travel_Rarely,10
1640,3,No,3,1,2,2,1,Travel_Rarely,10
1641,3,Yes,3,2,4,3,4,Travel_Rarely,16
1642,3,Yes,3,3,4,1,3,Travel_Frequently,1
1644,4,No,2,3,4,3,2,Travel_Frequently,4
1645,3,Yes,1,2,4,1,4,Travel_Rarely,15
1646,3,Yes,3,3,4,1,3,Travel_Frequently,2
1647,3,No,4,3,3,2,1,Travel_Rarely,8
1648,3,No,3,2,4,4,3,Travel_Frequently,2
1649,3,Yes,3,1,1,1,2,Travel_Rarely,7
1650,3,No,2,3,3,3,3,Travel_Rarely,10
1651,3,No,3,3,1,2,3,Travel_Rarely,5
1653,3,No,4,3,3,4,3,Travel_Frequently,2
1654,4,No,3,3,2,4,3,Travel_Rarely,12
1655,3,No,3,3,2,1,2,Travel_Rarely,22
1656,3,No,2,3,1,4,3,Travel_Rarely,17
1657,3,No,3,3,3,3,1,Travel_Rarely,2
1658,3,No,3,3,2,4,3,Travel_Rarely,3
1659,3,No,3,3,2,1,3,Travel_Rarely,7
1661,3,Yes,2,3,3,3,2,Travel_Rarely,6
1662,3,No,2,3,3,4,3,Non-Travel,1
1664,4,No,4,3,1,4,1,Travel_Rarely,3
1665,4,No,3,3,3,2,3,Travel_Rarely,22
1666,4,No,2,3,3,3,1,Travel_Rarely,15
1667,4,Yes,3,4,4,4,1,Travel_Frequently,12
1668,3,No,3,4,4,4,4,Travel_Frequently,1
1669,3,Yes,2,2,2,1,2,Travel_Rarely,5
1670,3,No,3,3,4,4,3,Travel_Rarely,2
1671,3,No,3,2,2,4,3,Travel_Rarely,2
1673,3,No,3,3,4,1,1,Travel_Rarely,5
1674,3,Yes,3,2,1,4,2,Travel_Rarely,16
1675,4,No,2,3,2,4,2,Travel_Frequently,2
1676,3,No,4,3,2,2,3,Travel_Rarely,2
1677,3,No,3,3,3,3,1,Travel_Rarely,1
1678,3,Yes,3,3,3,4,4,Travel_Rarely,23
1680,3,No,3,3,1,4,1,Travel_Rarely,9
1681,4,Yes,3,3,4,3,3,Non-Travel,16
1682,3,No,3,2,3,1,2,Travel_Rarely,26
1683,3,Yes,3,3,4,3,1,Travel_Rarely,1
1684,3,Yes,2,3,3,4,1,Travel_Rarely,8
1687,3,No,3,2,3,4,4,Travel_Rarely,4
1689,3,No,4,3,4,2,3,Travel_Rarely,24
1691,3,Yes,3,3,3,4,3,Travel_Frequently,7
1692,3,No,3,3,2,4,1,Travel_Rarely,2
1693,4,No,3,3,4,4,3,Non-Travel,7
1694,3,No,2,3,2,1,4,Travel_Rarely,22
1696,3,No,2,4,4,2,3,Travel_Rarely,5
1697,4,No,1,4,4,3,3,Travel_Rarely,1
1698,3,No,4,3,2,2,4,Travel_Rarely,21
1700,3,No,1,2,4,3,3,Travel_Frequently,1
1701,3,No,2,3,4,2,2,Travel_Rarely,19
1702,4,Yes,3,3,4,3,2,Travel_Rarely,7
1703,3,Yes,4,3,4,3,2,Travel_Rarely,2
1704,3,Yes,2,4,4,1,3,Travel_Frequently,2
1706,3,Yes,3,3,4,4,1,Travel_Rarely,2
1707,3,No,4,3,3,3,4,Travel_Rarely,9
1708,3,No,3,3,3,4,2,Travel_Rarely,6
1709,3,No,3,3,3,4,3,Travel_Rarely,9
1710,3,No,3,2,4,3,3,Travel_Rarely,2
1712,4,No,2,2,3,3,4,Non-Travel,1
1714,3,No,1,3,3,4,3,Travel_Rarely,22
1716,3,No,1,1,3,3,3,Travel_Frequently,9
1718,3,No,1,4,3,4,3,Travel_Rarely,17
1719,3,No,2,3,2,4,3,Travel_Rarely,28
1720,3,No,3,2,3,1,1,Travel_Frequently,10
1721,3,No,3,4,3,2,4,Travel_Rarely,2
1722,3,No,1,3,2,3,2,Non-Travel,4
1724,3,Yes,3,3,1,2,2,Travel_Rarely,8
1725,3,No,3,4,1,2,2,Travel_Rarely,29
1727,3,No,3,3,2,3,4,Travel_Rarely,13
1728,3,No,3,3,3,4,2,Travel_Rarely,27
1729,3,No,3,2,4,2,2,Travel_Rarely,16
1731,3,No,3,1,2,3,4,Non-Travel,2
1732,3,Yes,3,2,4,3,2,Travel_Rarely,2
1733,3,Yes,2,3,1,2,2,Travel_Rarely,13
1734,3,No,1,3,2,1,2,Travel_Rarely,1
1735,3,No,3,1,2,3,3,Travel_Rarely,4
1736,4,No,3,2,4,4,4,Travel_Frequently,24
1737,3,Yes,3,3,4,4,4,Non-Travel,1
1739,3,No,1,1,3,4,3,Travel_Rarely,19
1740,3,No,3,2,2,2,2,Travel_Rarely,7
1744,4,No,1,4,3,3,3,Travel_Rarely,4
1745,3,No,2,3,1,4,4,Travel_Frequently,2
1746,3,No,3,3,4,1,4,Travel_Frequently,10
1747,3,No,2,2,4,3,3,Travel_Frequently,8
1749,3,No,3,3,3,1,3,Travel_Rarely,5
1751,3,No,3,2,4,3,3,Travel_Rarely,8
1752,3,No,1,3,2,2,3,Travel_Rarely,9
1753,3,Yes,4,4,3,4,4,Travel_Frequently,1
1754,3,No,2,3,1,3,1,Travel_Rarely,15
1755,3,Yes,4,3,4,4,1,Travel_Rarely,2
1756,3,No,3,2,2,4,4,Non-Travel,2
1757,3,No,3,4,4,4,3,Travel_Rarely,11
1758,4,Yes,3,2,1,1,3,Travel_Rarely,16
1760,3,No,2,2,2,3,2,Travel_Frequently,2
1761,3,No,3,3,3,1,1,Travel_Rarely,16
1762,3,No,2,3,1,4,3,Travel_Rarely,4
1763,3,No,4,3,3,3,3,Travel_Rarely,16
1764,3,No,3,3,2,2,2,Non-Travel,5
1766,3,Yes,1,3,4,2,3,Travel_Rarely,18
1767,3,Yes,2,3,3,3,4,Travel_Frequently,17
1768,4,No,3,2,2,2,2,Travel_Rarely,12
1770,3,No,2,3,1,3,2,Travel_Rarely,2
1771,3,No,3,2,2,4,4,Non-Travel,4
1772,4,No,3,3,1,3,2,Travel_Rarely,9
1774,3,Yes,3,3,3,4,3,Non-Travel,10
1775,4,Yes,2,2,3,1,4,Non-Travel,1
1778,3,No,3,3,4,2,2,Travel_Rarely,2
1779,3,No,1,3,4,4,1,Travel_Rarely,3
1780,3,No,3,3,2,2,2,Travel_Rarely,7
1782,3,No,2,3,3,4,2,Travel_Rarely,6
1783,3,Yes,3,3,1,3,3,Travel_Rarely,8
1784,3,No,2,3,4,1,1,Travel_Rarely,29
1786,3,No,3,3,3,1,4,Travel_Rarely,3
1787,3,No,2,3,2,2,1,Travel_Rarely,9
1789,3,Yes,3,3,4,3,3,Travel_Rarely,2
1790,3,Yes,3,3,1,4,4,Travel_Rarely,10
1792,3,Yes,3,2,2,3,3,Travel_Frequently,1
1794,3,No,3,2,2,3,3,Travel_Rarely,8
1797,3,Yes,3,3,4,3,4,Travel_Rarely,27
1798,3,No,4,3,1,4,2,Travel_Rarely,8
1799,3,No,3,4,4,3,3,Travel_Rarely,1
1800,4,No,3,3,3,3,3,Travel_Rarely,10
1801,3,No,2,3,2,2,3,Non-Travel,26
1802,3,No,3,2,1,3,4,Travel_Rarely,2
1803,3,No,4,2,1,2,3,Travel_Rarely,13
1804,3,No,3,3,4,2,3,Non-Travel,2
1805,3,No,3,3,2,1,4,Non-Travel,2
1807,3,No,3,2,1,4,3,Travel_Frequently,9
1809,3,No,3,1,1,4,2,Travel_Rarely,10
1812,3,No,3,3,4,3,4,Travel_Frequently,20
1813,3,No,3,2,3,1,3,Non-Travel,9
1814,3,No,4,1,2,2,1,Travel_Rarely,5
1815,3,Yes,3,4,3,3,4,Travel_Rarely,4
1816,3,No,3,3,3,1,2,Travel_Rarely,10
1818,3,Yes,3,3,2,4,3,Travel_Rarely,20
1821,4,No,3,4,2,4,4,Travel_Rarely,21
1822,3,No,3,3,4,3,4,Travel_Rarely,1
1823,4,No,4,3,3,2,3,Travel_Rarely,8
1824,4,No,3,2,2,2,4,Non-Travel,2
1826,3,No,1,4,3,2,2,Travel_Rarely,23
1827,3,Yes,2,3,2,3,3,Travel_Rarely,4
1829,3,No,3,3,1,2,2,Travel_Rarely,12
1830,3,No,3,2,4,4,2,Travel_Rarely,7
1833,3,No,3,3,1,1,4,Travel_Frequently,7
1834,4,No,3,3,1,3,3,Travel_Rarely,1
1835,4,Yes,1,2,4,2,1,Travel_Rarely,2
1836,3,No,3,3,4,3,1,Travel_Rarely,10
1837,3,Yes,3,3,3,1,2,Travel_Frequently,15
1839,3,No,3,1,3,2,3,Non-Travel,14
1842,3,No,4,3,1,4,3,Travel_Rarely,18
1844,3,Yes,2,3,1,1,4,Travel_Rarely,13
1845,4,No,3,4,3,3,2,Non-Travel,2
1847,4,Yes,3,3,2,4,4,Travel_Rarely,2
1849,4,No,3,3,4,1,3,Travel_Frequently,2
1850,3,Yes,3,2,4,4,3,Travel_Frequently,5
1852,3,No,3,4,4,4,2,Travel_Frequently,20
1853,3,No,3,4,4,4,3,Travel_Frequently,10
1854,4,No,3,2,3,3,2,Non-Travel,10
1856,3,No,3,3,3,2,3,Travel_Rarely,9
1857,3,No,3,2,4,4,3,Travel_Rarely,2
1858,3,No,3,3,4,3,2,Non-Travel,1
1859,3,No,1,3,3,4,4,Travel_Rarely,29
1860,3,No,3,3,3,4,4,Travel_Rarely,8
1862,3,Yes,2,2,2,3,3,Travel_Rarely,2
1863,3,No,4,3,1,1,4,Travel_Rarely,3
1864,4,No,2,3,3,2,4,Travel_Rarely,23
1865,3,No,2,3,2,4,4,Travel_Rarely,6
1866,3,No,2,3,3,1,4,Travel_Rarely,6
1867,3,No,2,3,2,4,4,Travel_Rarely,10
1868,4,Yes,2,2,4,4,2,Travel_Frequently,24
1869,4,No,3,3,2,3,3,Travel_Rarely,10
1870,3,No,2,2,1,4,4,Travel_Frequently,15
1871,3,No,3,3,4,4,2,Travel_Rarely,19
1873,4,No,2,4,4,2,2,Travel_Rarely,2
1875,3,No,3,3,2,2,4,Travel_Rarely,3
1876,3,No,3,2,4,2,3,Travel_Rarely,9
1878,4,Yes,3,3,2,4,1,Travel_Rarely,7
1880,3,Yes,2,3,3,2,1,Travel_Rarely,10
1881,3,No,3,3,3,2,1,Travel_Rarely,20
1882,3,Yes,3,3,4,3,4,Travel_Rarely,4
1883,3,No,3,3,1,4,2,Travel_Rarely,7
1885,4,Yes,3,3,1,4,3,Travel_Rarely,7
1886,3,Yes,2,3,2,4,4,Travel_Rarely,16
1888,3,No,2,2,4,2,4,Travel_Rarely,25
1890,4,No,2,2,4,2,4,Travel_Frequently,2
1892,3,No,3,3,1,1,1,Travel_Rarely,1
1893,3,Yes,2,2,3,2,3,Travel_Rarely,1
1898,3,No,4,2,3,1,2,Travel_Rarely,2
1900,3,No,3,3,4,4,2,Travel_Frequently,22
1903,3,No,4,3,1,2,4,Travel_Rarely,1
1905,4,Yes,1,3,1,4,2,Non-Travel,16
1907,3,No,3,3,4,1,4,Travel_Rarely,24
1908,3,No,2,1,2,3,3,Travel_Rarely,17
1909,4,No,3,3,2,3,3,Travel_Rarely,8
1911,3,No,3,4,1,3,2,Travel_Rarely,6
1912,3,Yes,3,3,4,3,4,Travel_Rarely,10
1915,3,Yes,2,2,4,4,3,Travel_Rarely,3
1916,3,No,4,2,3,1,2,Travel_Rarely,4
1918,3,No,4,3,4,3,1,Travel_Frequently,6
1922,3,No,3,3,3,2,3,Travel_Frequently,1
1924,3,No,3,2,3,2,2,Travel_Rarely,10
1927,3,Yes,2,3,4,3,3,Travel_Frequently,1
1928,3,No,4,3,1,3,4,Travel_Frequently,24
1929,3,No,1,3,3,1,3,Non-Travel,21
1931,3,No,3,2,2,2,3,Travel_Rarely,2
1932,3,Yes,2,3,4,3,2,Travel_Frequently,22
1933,3,Yes,3,3,3,4,4,Travel_Rarely,13
1934,3,No,3,4,2,3,3,Non-Travel,14
1935,3,No,2,3,1,4,3,Travel_Rarely,11
1936,4,No,3,3,1,1,4,Travel_Rarely,9
1937,3,Yes,2,3,2,4,3,Travel_Frequently,8
1938,3,Yes,3,2,4,4,3,Travel_Rarely,21
1939,3,Yes,4,3,3,1,1,Travel_Frequently,5
1940,3,No,3,4,4,2,4,Travel_Rarely,9
1941,3,No,3,3,4,2,4,Travel_Frequently,2
1943,3,Yes,3,3,4,2,3,Travel_Rarely,12
1944,3,No,2,3,2,1,1,Travel_Frequently,22
1945,3,No,3,1,1,2,4,Travel_Rarely,18
1947,3,No,3,2,3,3,3,Non-Travel,16
1948,3,Yes,3,4,1,3,4,Non-Travel,3
1949,4,No,4,3,2,1,2,Non-Travel,9
1950,4,No,3,2,4,1,1,Travel_Rarely,1
1951,3,No,3,2,3,4,3,Travel_Rarely,13
1952,3,No,3,2,1,3,4,Travel_Rarely,1
1954,3,No,3,2,1,1,1,Travel_Rarely,1
1955,3,No,3,3,4,3,2,Non-Travel,15
1956,4,No,1,3,1,4,2,Travel_Frequently,1
1960,3,No,2,2,4,3,1,Travel_Rarely,17
1961,3,No,2,2,1,1,1,Travel_Rarely,1
1962,3,Yes,3,3,4,3,4,Travel_Rarely,7
1965,3,No,3,3,4,4,1,Travel_Rarely,9
1966,4,No,2,3,4,4,2,Travel_Rarely,5
1967,3,Yes,3,3,4,1,3,Travel_Frequently,26
1968,3,Yes,3,2,1,1,2,Travel_Rarely,24
1969,3,No,3,2,3,1,3,Travel_Rarely,9
1970,4,No,3,3,3,4,3,Travel_Frequently,7
1971,3,No,3,3,3,1,2,Travel_Rarely,11
1972,3,Yes,3,3,2,4,2,Travel_Frequently,1
1973,3,Yes,4,3,2,3,1,Travel_Rarely,26
1974,3,Yes,1,3,4,4,3,Travel_Rarely,2
1975,3,No,3,3,1,2,1,Travel_Rarely,15
1976,3,No,2,3,3,4,4,Non-Travel,23
1979,4,No,3,4,3,3,3,Non-Travel,10
1980,3,Yes,3,3,1,3,4,Travel_Rarely,10
1981,3,No,2,2,3,2,2,Travel_Rarely,1
1982,3,No,3,4,4,4,3,Travel_Rarely,12
1985,3,No,3,4,3,4,1,Travel_Frequently,11
1986,3,No,3,3,2,2,3,Travel_Rarely,2
1987,3,No,3,3,2,3,3,Travel_Rarely,2
1989,3,No,3,2,2,4,3,Travel_Rarely,1
1992,3,Yes,3,2,3,4,3,Travel_Rarely,2
1993,4,No,3,3,3,1,2,Travel_Rarely,25
1994,3,No,2,2,3,2,3,Non-Travel,1
1995,3,No,3,3,2,4,1,Travel_Rarely,1
1996,3,No,3,3,3,1,3,Travel_Rarely,2
1997,3,No,2,3,3,1,4,Travel_Frequently,6
1998,3,Yes,3,2,1,4,3,Travel_Rarely,18
1999,4,No,3,3,4,4,1,Travel_Rarely,1
2000,3,No,3,1,2,3,1,Non-Travel,1
2003,3,Yes,3,3,3,4,3,Travel_Rarely,11
2007,3,No,3,4,3,4,4,Travel_Rarely,1
2008,3,No,3,3,3,2,2,Travel_Rarely,9
2009,3,Yes,3,3,4,2,1,Travel_Rarely,15
2010,3,No,2,3,2,3,3,Travel_Rarely,29
2012,3,No,3,2,4,1,3,Travel_Rarely,1
2013,3,No,2,3,2,2,2,Travel_Rarely,1
2014,3,No,3,3,4,1,1,Travel_Rarely,24
2015,3,No,1,3,3,2,1,Travel_Rarely,10
2016,3,No,3,3,4,3,3,Travel_Rarely,1
2017,4,Yes,4,3,4,3,1,Travel_Rarely,10
2018,4,Yes,3,2,3,1,2,Travel_Rarely,8
2019,3,No,3,2,4,1,2,Non-Travel,29
2020,3,Yes,3,3,4,2,3,Travel_Rarely,1
2021,3,Yes,3,3,1,3,4,Travel_Rarely,5
2022,3,No,3,2,4,4,3,Non-Travel,9
2023,3,No,3,2,1,4,1,Travel_Frequently,9
2024,3,No,2,3,4,1,3,Travel_Rarely,3
2025,3,No,3,3,2,4,2,Travel_Frequently,4
2026,4,No,3,2,3,3,1,Non-Travel,1
2027,3,Yes,3,4,4,1,2,Travel_Rarely,1
2031,3,No,3,2,3,1,1,Travel_Rarely,2
2032,3,No,3,1,3,4,4,Travel_Rarely,7
2034,4,No,2,3,2,1,3,Travel_Rarely,28
2035,4,No,2,3,3,4,4,Travel_Rarely,28
2036,4,No,1,2,4,4,1,Non-Travel,15
2037,3,No,2,3,2,3,3,Travel_Rarely,3
2038,3,No,3,3,1,4,4,Travel_Rarely,2
2040,3,Yes,3,3,4,3,3,Travel_Rarely,26
2041,3,No,3,3,4,1,3,Travel_Rarely,10
2044,3,No,3,3,3,2,4,Travel_Frequently,1
2045,3,No,2,2,4,2,1,Travel_Rarely,11
2046,3,No,3,3,3,4,3,Travel_Rarely,20
2048,3,No,2,3,3,3,4,Travel_Rarely,2
2049,3,Yes,3,4,3,3,4,Travel_Frequently,18
2051,3,No,3,3,3,3,2,Travel_Rarely,2
2052,3,No,1,3,4,3,4,Travel_Rarely,1
2053,3,Yes,2,3,2,4,1,Travel_Rarely,13
2054,3,No,2,1,1,4,2,Travel_Rarely,28
2055,3,Yes,2,3,1,4,2,Travel_Rarely,28
2056,3,No,2,2,4,2,1,Travel_Rarely,24
2057,3,No,3,3,1,2,2,Non-Travel,5
2060,3,No,2,3,3,4,4,Travel_Rarely,5
2061,3,No,4,3,4,3,3,Travel_Frequently,23
2062,3,No,2,3,1,4,1,Travel_Rarely,6
2064,4,Yes,4,3,2,2,2,Travel_Rarely,4
2065,3,No,2,2,2,4,4,Travel_Frequently,2
2068,3,No,4,4,3,2,1,Travel_Rarely,8
