{
  "trainedWithDSSVersion": "7.0.1",
  "backend": "PY_MEMORY",
  "isValid": true,
  "type": "BINARY_PROBABILISTIC",
  "algorithm_name": "GRADIENT_BOOSTING_CLASSIFIER",
  "columns": [
    "Age",
    "DailyRate",
    "DistanceFromHome",
    "EnvironmentSatisfaction",
    "HourlyRate",
    "JobInvolvement",
    "JobSatisfaction",
    "MonthlyIncome",
    "MonthlyRate",
    "NumCompaniesWorked",
    "PercentSalaryHike",
    "RelationshipSatisfaction",
    "TotalWorkingYears",
    "TrainingTimesLastYear",
    "WorkLifeBalance",
    "YearsAtCompany",
    "YearsInCurrentRole",
    "YearsSinceLastPromotion",
    "YearsWithCurrManager",
    "dummy:Department:Research \u0026 Development",
    "dummy:Department:Sales",
    "dummy:Department:Human Resources",
    "dummy:Department:N/A",
    "dummy:Department:__Others__",
    "dummy:MaritalStatus:Married",
    "dummy:MaritalStatus:Single",
    "dummy:MaritalStatus:Divorced",
    "dummy:MaritalStatus:N/A",
    "dummy:MaritalStatus:__Others__",
    "dummy:OverTime:No",
    "dummy:OverTime:Yes",
    "dummy:OverTime:N/A",
    "dummy:OverTime:__Others__",
    "dummy:Gender:Male",
    "dummy:Gender:Female",
    "dummy:Gender:N/A",
    "dummy:Gender:__Others__",
    "dummy:BusinessTravel:Travel_Rarely",
    "dummy:BusinessTravel:Travel_Frequently",
    "dummy:BusinessTravel:Non-Travel",
    "dummy:BusinessTravel:N/A",
    "dummy:BusinessTravel:__Others__",
    "dummy:EducationField:Life Sciences",
    "dummy:EducationField:Medical",
    "dummy:EducationField:Marketing",
    "dummy:EducationField:Technical Degree",
    "dummy:EducationField:Other",
    "dummy:EducationField:Human Resources",
    "dummy:EducationField:N/A",
    "dummy:EducationField:__Others__",
    "dummy:JobRole:Sales Executive",
    "dummy:JobRole:Research Scientist",
    "dummy:JobRole:Laboratory Technician",
    "dummy:JobRole:Healthcare Representative",
    "dummy:JobRole:Manufacturing Director",
    "dummy:JobRole:Manager",
    "dummy:JobRole:Sales Representative",
    "dummy:JobRole:Research Director",
    "dummy:JobRole:Human Resources",
    "dummy:JobRole:N/A",
    "dummy:JobRole:__Others__",
    "dummy:Education:Bachelor",
    "dummy:Education:Master",
    "dummy:Education:College",
    "dummy:Education:Bellow College",
    "dummy:Education:Doctor",
    "dummy:Education:N/A",
    "dummy:Education:__Others__",
    "dummy:JobLevel:1",
    "dummy:JobLevel:2",
    "dummy:JobLevel:3",
    "dummy:JobLevel:4",
    "dummy:JobLevel:N/A",
    "dummy:JobLevel:__Others__",
    "dummy:PerformanceRating:3",
    "dummy:PerformanceRating:N/A",
    "dummy:PerformanceRating:__Others__",
    "dummy:StockOptionLevel:0",
    "dummy:StockOptionLevel:1",
    "dummy:StockOptionLevel:2",
    "dummy:StockOptionLevel:N/A",
    "dummy:StockOptionLevel:__Others__"
  ],
  "classes": [
    "false",
    "true"
  ]
}