{
    "gridSize": 48, 
    "nThreads": 4, 
    "metric": "ROC_AUC", 
    "gridPoints": [
        {
            "index": 0, 
            "finishedAt": 1586867186235.0, 
            "score": 0.7623469997040699, 
            "parameters": {
                "reg_alpha": 0.0, 
                "colsample_bytree": 1.0, 
                "colsample_bylevel": 1.0, 
                "learning_rate": 0.2, 
                "max_delta_step": 0.0, 
                "min_child_weight": 0.0, 
                "subsample": 1.0, 
                "reg_lambda": 1.0, 
                "max_depth": 1, 
                "gamma": 0.0, 
                "booster": "gbtree"
            }, 
            "time": 432.0
        }, 
        {
            "index": 1, 
            "finishedAt": 1586867191717.0, 
            "score": 0.7814901732026294, 
            "parameters": {
                "reg_alpha": 0.0, 
                "colsample_bytree": 1.0, 
                "colsample_bylevel": 1.0, 
                "learning_rate": 0.2, 
                "max_delta_step": 0.0, 
                "min_child_weight": 0.0, 
                "subsample": 0.75, 
                "reg_lambda": 1.0, 
                "max_depth": 1, 
                "gamma": 0.0, 
                "booster": "gbtree"
            }, 
            "time": 852.0
        }, 
        {
            "index": 2, 
            "finishedAt": 1586867188358.0, 
            "score": 0.7678339532776852, 
            "parameters": {
                "reg_alpha": 0.0, 
                "colsample_bytree": 1.0, 
                "colsample_bylevel": 1.0, 
                "learning_rate": 0.2, 
                "max_delta_step": 0.0, 
                "min_child_weight": 0.0, 
                "subsample": 1.0, 
                "reg_lambda": 0.0, 
                "max_depth": 1, 
                "gamma": 0.0, 
                "booster": "gbtree"
            }, 
            "time": 694.0
        }, 
        {
            "index": 3, 
            "finishedAt": 1586867185354.0, 
            "score": 0.7815833488948168, 
            "parameters": {
                "reg_alpha": 0.0, 
                "colsample_bytree": 1.0, 
                "colsample_bylevel": 1.0, 
                "learning_rate": 0.2, 
                "max_delta_step": 0.0, 
                "min_child_weight": 0.0, 
                "subsample": 0.75, 
                "reg_lambda": 0.0, 
                "max_depth": 1, 
                "gamma": 0.0, 
                "booster": "gbtree"
            }, 
            "time": 538.0
        }, 
        {
            "index": 4, 
            "finishedAt": 1586867190058.0, 
            "score": 0.7766673133589556, 
            "parameters": {
                "reg_alpha": 1.0, 
                "colsample_bytree": 1.0, 
                "colsample_bylevel": 1.0, 
                "learning_rate": 0.2, 
                "max_delta_step": 0.0, 
                "min_child_weight": 0.0, 
                "subsample": 1.0, 
                "reg_lambda": 1.0, 
                "max_depth": 1, 
                "gamma": 0.0, 
                "booster": "gbtree"
            }, 
            "time": 944.0
        }, 
        {
            "index": 5, 
            "finishedAt": 1586867191791.0, 
            "score": 0.781298909733825, 
            "parameters": {
                "reg_alpha": 1.0, 
                "colsample_bytree": 1.0, 
                "colsample_bylevel": 1.0, 
                "learning_rate": 0.2, 
                "max_delta_step": 0.0, 
                "min_child_weight": 0.0, 
                "subsample": 0.75, 
                "reg_lambda": 1.0, 
                "max_depth": 1, 
                "gamma": 0.0, 
                "booster": "gbtree"
            }, 
            "time": 531.0
        }, 
        {
            "index": 6, 
            "finishedAt": 1586867184348.0, 
            "score": 0.7641651585912522, 
            "parameters": {
                "reg_alpha": 1.0, 
                "colsample_bytree": 1.0, 
                "colsample_bylevel": 1.0, 
                "learning_rate": 0.2, 
                "max_delta_step": 0.0, 
                "min_child_weight": 0.0, 
                "subsample": 1.0, 
                "reg_lambda": 0.0, 
                "max_depth": 1, 
                "gamma": 0.0, 
                "booster": "gbtree"
            }, 
            "time": 420.0
        }, 
        {
            "index": 7, 
            "finishedAt": 1586867186402.0, 
            "score": 0.7931020628798504, 
            "parameters": {
                "reg_alpha": 1.0, 
                "colsample_bytree": 1.0, 
                "colsample_bylevel": 1.0, 
                "learning_rate": 0.2, 
                "max_delta_step": 0.0, 
                "min_child_weight": 0.0, 
                "subsample": 0.75, 
                "reg_lambda": 0.0, 
                "max_depth": 1, 
                "gamma": 0.0, 
                "booster": "gbtree"
            }, 
            "time": 671.0
        }, 
        {
            "index": 8, 
            "finishedAt": 1586867192706.0, 
            "score": 0.7962888399825755, 
            "parameters": {
                "reg_alpha": 0.0, 
                "colsample_bytree": 1.0, 
                "colsample_bylevel": 1.0, 
                "learning_rate": 0.2, 
                "max_delta_step": 0.0, 
                "min_child_weight": 0.0, 
                "subsample": 1.0, 
                "reg_lambda": 1.0, 
                "max_depth": 3, 
                "gamma": 0.0, 
                "booster": "gbtree"
            }, 
            "time": 697.0
        }, 
        {
            "index": 9, 
            "finishedAt": 1586867188157.0, 
            "score": 0.788849256787217, 
            "parameters": {
                "reg_alpha": 0.0, 
                "colsample_bytree": 1.0, 
                "colsample_bylevel": 1.0, 
                "learning_rate": 0.2, 
                "max_delta_step": 0.0, 
                "min_child_weight": 0.0, 
                "subsample": 0.75, 
                "reg_lambda": 1.0, 
                "max_depth": 3, 
                "gamma": 0.0, 
                "booster": "gbtree"
            }, 
            "time": 712.0
        }, 
        {
            "index": 10, 
            "finishedAt": 1586867186769.0, 
            "score": 0.7867959677489215, 
            "parameters": {
                "reg_alpha": 0.0, 
                "colsample_bytree": 1.0, 
                "colsample_bylevel": 1.0, 
                "learning_rate": 0.2, 
                "max_delta_step": 0.0, 
                "min_child_weight": 0.0, 
                "subsample": 1.0, 
                "reg_lambda": 0.0, 
                "max_depth": 3, 
                "gamma": 0.0, 
                "booster": "gbtree"
            }, 
            "time": 834.0
        }, 
        {
            "index": 11, 
            "finishedAt": 1586867191450.0, 
            "score": 0.7772900848663229, 
            "parameters": {
                "reg_alpha": 0.0, 
                "colsample_bytree": 1.0, 
                "colsample_bylevel": 1.0, 
                "learning_rate": 0.2, 
                "max_delta_step": 0.0, 
                "min_child_weight": 0.0, 
                "subsample": 0.75, 
                "reg_lambda": 0.0, 
                "max_depth": 3, 
                "gamma": 0.0, 
                "booster": "gbtree"
            }, 
            "time": 872.0
        }, 
        {
            "index": 12, 
            "finishedAt": 1586867190744.0, 
            "score": 0.7880785260051077, 
            "parameters": {
                "reg_alpha": 1.0, 
                "colsample_bytree": 1.0, 
                "colsample_bylevel": 1.0, 
                "learning_rate": 0.2, 
                "max_delta_step": 0.0, 
                "min_child_weight": 0.0, 
                "subsample": 1.0, 
                "reg_lambda": 1.0, 
                "max_depth": 3, 
                "gamma": 0.0, 
                "booster": "gbtree"
            }, 
            "time": 417.0
        }, 
        {
            "index": 13, 
            "finishedAt": 1586867184884.0, 
            "score": 0.8012863894200635, 
            "parameters": {
                "reg_alpha": 1.0, 
                "colsample_bytree": 1.0, 
                "colsample_bylevel": 1.0, 
                "learning_rate": 0.2, 
                "max_delta_step": 0.0, 
                "min_child_weight": 0.0, 
                "subsample": 0.75, 
                "reg_lambda": 1.0, 
                "max_depth": 3, 
                "gamma": 0.0, 
                "booster": "gbtree"
            }, 
            "time": 688.0
        }, 
        {
            "index": 14, 
            "finishedAt": 1586867185200.0, 
            "score": 0.8008964644030105, 
            "parameters": {
                "reg_alpha": 1.0, 
                "colsample_bytree": 1.0, 
                "colsample_bylevel": 1.0, 
                "learning_rate": 0.2, 
                "max_delta_step": 0.0, 
                "min_child_weight": 0.0, 
                "subsample": 1.0, 
                "reg_lambda": 0.0, 
                "max_depth": 3, 
                "gamma": 0.0, 
                "booster": "gbtree"
            }, 
            "time": 636.0
        }, 
        {
            "index": 15, 
            "finishedAt": 1586867190400.0, 
            "score": 0.799723184830673, 
            "parameters": {
                "reg_alpha": 1.0, 
                "colsample_bytree": 1.0, 
                "colsample_bylevel": 1.0, 
                "learning_rate": 0.2, 
                "max_delta_step": 0.0, 
                "min_child_weight": 0.0, 
                "subsample": 0.75, 
                "reg_lambda": 0.0, 
                "max_depth": 3, 
                "gamma": 0.0, 
                "booster": "gbtree"
            }, 
            "time": 793.0
        }, 
        {
            "index": 16, 
            "finishedAt": 1586867183963.0, 
            "score": 0.7682640789683634, 
            "parameters": {
                "reg_alpha": 0.0, 
                "colsample_bytree": 1.0, 
                "colsample_bylevel": 1.0, 
                "learning_rate": 0.2, 
                "max_delta_step": 0.0, 
                "min_child_weight": 0.0, 
                "subsample": 1.0, 
                "reg_lambda": 1.0, 
                "max_depth": 6, 
                "gamma": 0.0, 
                "booster": "gbtree"
            }, 
            "time": 812.0
        }, 
        {
            "index": 17, 
            "finishedAt": 1586867184280.0, 
            "score": 0.8033689004922948, 
            "parameters": {
                "reg_alpha": 0.0, 
                "colsample_bytree": 1.0, 
                "colsample_bylevel": 1.0, 
                "learning_rate": 0.2, 
                "max_delta_step": 0.0, 
                "min_child_weight": 0.0, 
                "subsample": 0.75, 
                "reg_lambda": 1.0, 
                "max_depth": 6, 
                "gamma": 0.0, 
                "booster": "gbtree"
            }, 
            "time": 1273.0
        }, 
        {
            "index": 18, 
            "finishedAt": 1586867193019.0, 
            "score": 0.7759170677372688, 
            "parameters": {
                "reg_alpha": 0.0, 
                "colsample_bytree": 1.0, 
                "colsample_bylevel": 1.0, 
                "learning_rate": 0.2, 
                "max_delta_step": 0.0, 
                "min_child_weight": 0.0, 
                "subsample": 1.0, 
                "reg_lambda": 0.0, 
                "max_depth": 6, 
                "gamma": 0.0, 
                "booster": "gbtree"
            }, 
            "time": 1065.0
        }, 
        {
            "index": 19, 
            "finishedAt": 1586867188997.0, 
            "score": 0.7793355629044413, 
            "parameters": {
                "reg_alpha": 0.0, 
                "colsample_bytree": 1.0, 
                "colsample_bylevel": 1.0, 
                "learning_rate": 0.2, 
                "max_delta_step": 0.0, 
                "min_child_weight": 0.0, 
                "subsample": 0.75, 
                "reg_lambda": 0.0, 
                "max_depth": 6, 
                "gamma": 0.0, 
                "booster": "gbtree"
            }, 
            "time": 1444.0
        }, 
        {
            "index": 20, 
            "finishedAt": 1586867187697.0, 
            "score": 0.7855020028467561, 
            "parameters": {
                "reg_alpha": 1.0, 
                "colsample_bytree": 1.0, 
                "colsample_bylevel": 1.0, 
                "learning_rate": 0.2, 
                "max_delta_step": 0.0, 
                "min_child_weight": 0.0, 
                "subsample": 1.0, 
                "reg_lambda": 1.0, 
                "max_depth": 6, 
                "gamma": 0.0, 
                "booster": "gbtree"
            }, 
            "time": 759.0
        }, 
        {
            "index": 21, 
            "finishedAt": 1586867193267.0, 
            "score": 0.7847569041944609, 
            "parameters": {
                "reg_alpha": 1.0, 
                "colsample_bytree": 1.0, 
                "colsample_bylevel": 1.0, 
                "learning_rate": 0.2, 
                "max_delta_step": 0.0, 
                "min_child_weight": 0.0, 
                "subsample": 0.75, 
                "reg_lambda": 1.0, 
                "max_depth": 6, 
                "gamma": 0.0, 
                "booster": "gbtree"
            }, 
            "time": 1008.0
        }, 
        {
            "index": 22, 
            "finishedAt": 1586867189519.0, 
            "score": 0.7912955476630948, 
            "parameters": {
                "reg_alpha": 1.0, 
                "colsample_bytree": 1.0, 
                "colsample_bylevel": 1.0, 
                "learning_rate": 0.2, 
                "max_delta_step": 0.0, 
                "min_child_weight": 0.0, 
                "subsample": 1.0, 
                "reg_lambda": 0.0, 
                "max_depth": 6, 
                "gamma": 0.0, 
                "booster": "gbtree"
            }, 
            "time": 923.0
        }, 
        {
            "index": 23, 
            "finishedAt": 1586867187860.0, 
            "score": 0.7794139959467139, 
            "parameters": {
                "reg_alpha": 1.0, 
                "colsample_bytree": 1.0, 
                "colsample_bylevel": 1.0, 
                "learning_rate": 0.2, 
                "max_delta_step": 0.0, 
                "min_child_weight": 0.0, 
                "subsample": 0.75, 
                "reg_lambda": 0.0, 
                "max_depth": 6, 
                "gamma": 0.0, 
                "booster": "gbtree"
            }, 
            "time": 766.0
        }, 
        {
            "index": 24, 
            "finishedAt": 1586867187384.0, 
            "score": 0.7701272541620944, 
            "parameters": {
                "reg_alpha": 0.0, 
                "colsample_bytree": 0.75, 
                "colsample_bylevel": 1.0, 
                "learning_rate": 0.2, 
                "max_delta_step": 0.0, 
                "min_child_weight": 0.0, 
                "subsample": 1.0, 
                "reg_lambda": 1.0, 
                "max_depth": 1, 
                "gamma": 0.0, 
                "booster": "gbtree"
            }, 
            "time": 589.0
        }, 
        {
            "index": 25, 
            "finishedAt": 1586867186961.0, 
            "score": 0.7998656979355029, 
            "parameters": {
                "reg_alpha": 0.0, 
                "colsample_bytree": 0.75, 
                "colsample_bylevel": 1.0, 
                "learning_rate": 0.2, 
                "max_delta_step": 0.0, 
                "min_child_weight": 0.0, 
                "subsample": 0.75, 
                "reg_lambda": 1.0, 
                "max_depth": 1, 
                "gamma": 0.0, 
                "booster": "gbtree"
            }, 
            "time": 618.0
        }, 
        {
            "index": 26, 
            "finishedAt": 1586867186512.0, 
            "score": 0.7670318033845162, 
            "parameters": {
                "reg_alpha": 0.0, 
                "colsample_bytree": 0.75, 
                "colsample_bylevel": 1.0, 
                "learning_rate": 0.2, 
                "max_delta_step": 0.0, 
                "min_child_weight": 0.0, 
                "subsample": 1.0, 
                "reg_lambda": 0.0, 
                "max_depth": 1, 
                "gamma": 0.0, 
                "booster": "gbtree"
            }, 
            "time": 520.0
        }, 
        {
            "index": 27, 
            "finishedAt": 1586867187155.0, 
            "score": 0.7929419156102323, 
            "parameters": {
                "reg_alpha": 0.0, 
                "colsample_bytree": 0.75, 
                "colsample_bylevel": 1.0, 
                "learning_rate": 0.2, 
                "max_delta_step": 0.0, 
                "min_child_weight": 0.0, 
                "subsample": 0.75, 
                "reg_lambda": 0.0, 
                "max_depth": 1, 
                "gamma": 0.0, 
                "booster": "gbtree"
            }, 
            "time": 662.0
        }, 
        {
            "index": 28, 
            "finishedAt": 1586867184550.0, 
            "score": 0.769747416863604, 
            "parameters": {
                "reg_alpha": 1.0, 
                "colsample_bytree": 0.75, 
                "colsample_bylevel": 1.0, 
                "learning_rate": 0.2, 
                "max_delta_step": 0.0, 
                "min_child_weight": 0.0, 
                "subsample": 1.0, 
                "reg_lambda": 1.0, 
                "max_depth": 1, 
                "gamma": 0.0, 
                "booster": "gbtree"
            }, 
            "time": 674.0
        }, 
        {
            "index": 29, 
            "finishedAt": 1586867190567.0, 
            "score": 0.7673711281247668, 
            "parameters": {
                "reg_alpha": 1.0, 
                "colsample_bytree": 0.75, 
                "colsample_bylevel": 1.0, 
                "learning_rate": 0.2, 
                "max_delta_step": 0.0, 
                "min_child_weight": 0.0, 
                "subsample": 0.75, 
                "reg_lambda": 1.0, 
                "max_depth": 1, 
                "gamma": 0.0, 
                "booster": "gbtree"
            }, 
            "time": 493.0
        }, 
        {
            "index": 30, 
            "finishedAt": 1586867191960.0, 
            "score": 0.7690029442510117, 
            "parameters": {
                "reg_alpha": 1.0, 
                "colsample_bytree": 0.75, 
                "colsample_bylevel": 1.0, 
                "learning_rate": 0.2, 
                "max_delta_step": 0.0, 
                "min_child_weight": 0.0, 
                "subsample": 1.0, 
                "reg_lambda": 0.0, 
                "max_depth": 1, 
                "gamma": 0.0, 
                "booster": "gbtree"
            }, 
            "time": 571.0
        }, 
        {
            "index": 31, 
            "finishedAt": 1586867190244.0, 
            "score": 0.7791234508027979, 
            "parameters": {
                "reg_alpha": 1.0, 
                "colsample_bytree": 0.75, 
                "colsample_bylevel": 1.0, 
                "learning_rate": 0.2, 
                "max_delta_step": 0.0, 
                "min_child_weight": 0.0, 
                "subsample": 0.75, 
                "reg_lambda": 0.0, 
                "max_depth": 1, 
                "gamma": 0.0, 
                "booster": "gbtree"
            }, 
            "time": 488.0
        }, 
        {
            "index": 32, 
            "finishedAt": 1586867185042.0, 
            "score": 0.790403917908232, 
            "parameters": {
                "reg_alpha": 0.0, 
                "colsample_bytree": 0.75, 
                "colsample_bylevel": 1.0, 
                "learning_rate": 0.2, 
                "max_delta_step": 0.0, 
                "min_child_weight": 0.0, 
                "subsample": 1.0, 
                "reg_lambda": 1.0, 
                "max_depth": 3, 
                "gamma": 0.0, 
                "booster": "gbtree"
            }, 
            "time": 573.0
        }, 
        {
            "index": 33, 
            "finishedAt": 1586867189739.0, 
            "score": 0.784286352223577, 
            "parameters": {
                "reg_alpha": 0.0, 
                "colsample_bytree": 0.75, 
                "colsample_bylevel": 1.0, 
                "learning_rate": 0.2, 
                "max_delta_step": 0.0, 
                "min_child_weight": 0.0, 
                "subsample": 0.75, 
                "reg_lambda": 1.0, 
                "max_depth": 3, 
                "gamma": 0.0, 
                "booster": "gbtree"
            }, 
            "time": 852.0
        }, 
        {
            "index": 34, 
            "finishedAt": 1586867188579.0, 
            "score": 0.8068529503734339, 
            "parameters": {
                "reg_alpha": 0.0, 
                "colsample_bytree": 0.75, 
                "colsample_bylevel": 1.0, 
                "learning_rate": 0.2, 
                "max_delta_step": 0.0, 
                "min_child_weight": 0.0, 
                "subsample": 1.0, 
                "reg_lambda": 0.0, 
                "max_depth": 3, 
                "gamma": 0.0, 
                "booster": "gbtree"
            }, 
            "time": 762.0
        }, 
        {
            "index": 35, 
            "finishedAt": 1586867187957.0, 
            "score": 0.8002958951461306, 
            "parameters": {
                "reg_alpha": 0.0, 
                "colsample_bytree": 0.75, 
                "colsample_bylevel": 1.0, 
                "learning_rate": 0.2, 
                "max_delta_step": 0.0, 
                "min_child_weight": 0.0, 
                "subsample": 0.75, 
                "reg_lambda": 0.0, 
                "max_depth": 3, 
                "gamma": 0.0, 
                "booster": "gbtree"
            }, 
            "time": 671.0
        }, 
        {
            "index": 36, 
            "finishedAt": 1586867190669.0, 
            "score": 0.8084853475446878, 
            "parameters": {
                "reg_alpha": 1.0, 
                "colsample_bytree": 0.75, 
                "colsample_bylevel": 1.0, 
                "learning_rate": 0.2, 
                "max_delta_step": 0.0, 
                "min_child_weight": 0.0, 
                "subsample": 1.0, 
                "reg_lambda": 1.0, 
                "max_depth": 3, 
                "gamma": 0.0, 
                "booster": "gbtree"
            }, 
            "time": 590.0
        }, 
        {
            "index": 37, 
            "finishedAt": 1586867187250.0, 
            "score": 0.7874984637619682, 
            "parameters": {
                "reg_alpha": 1.0, 
                "colsample_bytree": 0.75, 
                "colsample_bylevel": 1.0, 
                "learning_rate": 0.2, 
                "max_delta_step": 0.0, 
                "min_child_weight": 0.0, 
                "subsample": 0.75, 
                "reg_lambda": 1.0, 
                "max_depth": 3, 
                "gamma": 0.0, 
                "booster": "gbtree"
            }, 
            "time": 602.0
        }, 
        {
            "index": 38, 
            "finishedAt": 1586867190869.0, 
            "score": 0.7849463118777678, 
            "parameters": {
                "reg_alpha": 1.0, 
                "colsample_bytree": 0.75, 
                "colsample_bylevel": 1.0, 
                "learning_rate": 0.2, 
                "max_delta_step": 0.0, 
                "min_child_weight": 0.0, 
                "subsample": 1.0, 
                "reg_lambda": 0.0, 
                "max_depth": 3, 
                "gamma": 0.0, 
                "booster": "gbtree"
            }, 
            "time": 515.0
        }, 
        {
            "index": 39, 
            "finishedAt": 1586867186096.0, 
            "score": 0.7958912045648345, 
            "parameters": {
                "reg_alpha": 1.0, 
                "colsample_bytree": 0.75, 
                "colsample_bylevel": 1.0, 
                "learning_rate": 0.2, 
                "max_delta_step": 0.0, 
                "min_child_weight": 0.0, 
                "subsample": 0.75, 
                "reg_lambda": 0.0, 
                "max_depth": 3, 
                "gamma": 0.0, 
                "booster": "gbtree"
            }, 
            "time": 648.0
        }, 
        {
            "index": 40, 
            "finishedAt": 1586867193525.0, 
            "score": 0.8060036000208324, 
            "parameters": {
                "reg_alpha": 0.0, 
                "colsample_bytree": 0.75, 
                "colsample_bylevel": 1.0, 
                "learning_rate": 0.2, 
                "max_delta_step": 0.0, 
                "min_child_weight": 0.0, 
                "subsample": 1.0, 
                "reg_lambda": 1.0, 
                "max_depth": 6, 
                "gamma": 0.0, 
                "booster": "gbtree"
            }, 
            "time": 1015.0
        }, 
        {
            "index": 41, 
            "finishedAt": 1586867184781.0, 
            "score": 0.7789642862120435, 
            "parameters": {
                "reg_alpha": 0.0, 
                "colsample_bytree": 0.75, 
                "colsample_bylevel": 1.0, 
                "learning_rate": 0.2, 
                "max_delta_step": 0.0, 
                "min_child_weight": 0.0, 
                "subsample": 0.75, 
                "reg_lambda": 1.0, 
                "max_depth": 6, 
                "gamma": 0.0, 
                "booster": "gbtree"
            }, 
            "time": 779.0
        }, 
        {
            "index": 42, 
            "finishedAt": 1586867185668.0, 
            "score": 0.8077025017503612, 
            "parameters": {
                "reg_alpha": 0.0, 
                "colsample_bytree": 0.75, 
                "colsample_bylevel": 1.0, 
                "learning_rate": 0.2, 
                "max_delta_step": 0.0, 
                "min_child_weight": 0.0, 
                "subsample": 1.0, 
                "reg_lambda": 0.0, 
                "max_depth": 6, 
                "gamma": 0.0, 
                "booster": "gbtree"
            }, 
            "time": 1232.0
        }, 
        {
            "index": 43, 
            "finishedAt": 1586867189342.0, 
            "score": 0.791633242268091, 
            "parameters": {
                "reg_alpha": 0.0, 
                "colsample_bytree": 0.75, 
                "colsample_bylevel": 1.0, 
                "learning_rate": 0.2, 
                "max_delta_step": 0.0, 
                "min_child_weight": 0.0, 
                "subsample": 0.75, 
                "reg_lambda": 0.0, 
                "max_depth": 6, 
                "gamma": 0.0, 
                "booster": "gbtree"
            }, 
            "time": 1310.0
        }, 
        {
            "index": 44, 
            "finishedAt": 1586867185957.0, 
            "score": 0.7987965618011303, 
            "parameters": {
                "reg_alpha": 1.0, 
                "colsample_bytree": 0.75, 
                "colsample_bylevel": 1.0, 
                "learning_rate": 0.2, 
                "max_delta_step": 0.0, 
                "min_child_weight": 0.0, 
                "subsample": 1.0, 
                "reg_lambda": 1.0, 
                "max_depth": 6, 
                "gamma": 0.0, 
                "booster": "gbtree"
            }, 
            "time": 1078.0
        }, 
        {
            "index": 45, 
            "finishedAt": 1586867192532.0, 
            "score": 0.7959859250748279, 
            "parameters": {
                "reg_alpha": 1.0, 
                "colsample_bytree": 0.75, 
                "colsample_bylevel": 1.0, 
                "learning_rate": 0.2, 
                "max_delta_step": 0.0, 
                "min_child_weight": 0.0, 
                "subsample": 0.75, 
                "reg_lambda": 1.0, 
                "max_depth": 6, 
                "gamma": 0.0, 
                "booster": "gbtree"
            }, 
            "time": 956.0
        }, 
        {
            "index": 46, 
            "finishedAt": 1586867191291.0, 
            "score": 0.7948988070874156, 
            "parameters": {
                "reg_alpha": 1.0, 
                "colsample_bytree": 0.75, 
                "colsample_bylevel": 1.0, 
                "learning_rate": 0.2, 
                "max_delta_step": 0.0, 
                "min_child_weight": 0.0, 
                "subsample": 1.0, 
                "reg_lambda": 0.0, 
                "max_depth": 6, 
                "gamma": 0.0, 
                "booster": "gbtree"
            }, 
            "time": 970.0
        }, 
        {
            "index": 47, 
            "finishedAt": 1586867192262.0, 
            "score": 0.7995232006873182, 
            "parameters": {
                "reg_alpha": 1.0, 
                "colsample_bytree": 0.75, 
                "colsample_bylevel": 1.0, 
                "learning_rate": 0.2, 
                "max_delta_step": 0.0, 
                "min_child_weight": 0.0, 
                "subsample": 0.75, 
                "reg_lambda": 0.0, 
                "max_depth": 6, 
                "gamma": 0.0, 
                "booster": "gbtree"
            }, 
            "time": 1216.0
        }
    ], 
    "startedAt": 1586867183628, 
    "nSplits": 5
}