{
    "usedGridSearch": true, 
    "probaAware": true, 
    "gridSize": 48, 
    "rawImportance": {
        "variables": [
            "Age", 
            "DistanceFromHome", 
            "EnvironmentSatisfaction", 
            "HourlyRate", 
            "JobInvolvement", 
            "JobSatisfaction", 
            "MonthlyIncome", 
            "NumCompaniesWorked", 
            "PercentSalaryHike", 
            "WorkLifeBalance", 
            "YearsAtCompany", 
            "YearsSinceLastPromotion", 
            "YearsWithCurrManager", 
            "dummy:Department:Research & Development", 
            "dummy:Department:Sales", 
            "dummy:MaritalStatus:Married", 
            "dummy:OverTime:No", 
            "dummy:OverTime:Yes", 
            "dummy:BusinessTravel:Travel_Frequently", 
            "dummy:JobRole:Sales Executive", 
            "dummy:JobRole:Research Scientist", 
            "dummy:JobRole:Laboratory Technician", 
            "dummy:JobLevel:1", 
            "dummy:StockOptionLevel:0", 
            "dummy:StockOptionLevel:1"
        ], 
        "importances": [
            0.0595238097012043, 
            0.0476190485060215, 
            0.0714285746216774, 
            0.02380952425301075, 
            0.0833333358168602, 
            0.0476190485060215, 
            0.130952388048172, 
            0.011904762126505375, 
            0.011904762126505375, 
            0.0476190485060215, 
            0.0476190485060215, 
            0.011904762126505375, 
            0.0357142873108387, 
            0.02380952425301075, 
            0.011904762126505375, 
            0.011904762126505375, 
            0.095238097012043, 
            0.011904762126505375, 
            0.0357142873108387, 
            0.011904762126505375, 
            0.0357142873108387, 
            0.02380952425301075, 
            0.02380952425301075, 
            0.0595238097012043, 
            0.02380952425301075
        ]
    }, 
    "modelInputNRows": 956, 
    "partialDependencies": [
        {
            "computedPostTraining": true, 
            "randomState": 1337, 
            "onSample": false, 
            "data": [
                [
                    0.6770612341113986, 
                    0.33967862899568746, 
                    0.2541376738559187, 
                    0.2394267868212272, 
                    0.09008241381030002, 
                    0.09008241381030002, 
                    -0.14677369492446446, 
                    -0.14677369492446446, 
                    -0.14677369492446446, 
                    -0.14677369492446446, 
                    -0.14677369492446446, 
                    -0.14677369492446446, 
                    -0.14677369492446446, 
                    -0.14677369492446446, 
                    -0.14677369492446446, 
                    -0.14677369492446446, 
                    -0.14677369492446446, 
                    -0.14677369492446446, 
                    -0.14677369492446446, 
                    -0.14677369492446446, 
                    -0.14677369492446446, 
                    -0.14677369492446446, 
                    -0.14677369492446446, 
                    -0.14677369492446446, 
                    -0.14677369492446446, 
                    -0.14677369492446446, 
                    -0.14677369492446446, 
                    -0.14677369492446446, 
                    -0.14677369492446446, 
                    -0.14677369492446446, 
                    -0.14677369492446446, 
                    -0.14677369492446446, 
                    -0.14677369492446446, 
                    -0.14677369492446446, 
                    -0.14677369492446446, 
                    -0.14677369492446446, 
                    -0.14677369492446446, 
                    -0.14677369492446446, 
                    -0.14677369492446446, 
                    -0.14677369492446446, 
                    -0.14677369492446446, 
                    -0.14677369492446446, 
                    -0.14677369492446446, 
                    -0.14677369492446446, 
                    -0.14677369492446446, 
                    -0.14677369492446446, 
                    -0.14677369492446446, 
                    -0.14677369492446446, 
                    -0.14677369492446446, 
                    -0.14677369492446446
                ]
            ], 
            "indicesToDrop": [], 
            "isDate": false, 
            "feature": "MonthlyIncome", 
            "featureBins": [
                1702.0, 
                2069.326530612245, 
                2436.6530612244896, 
                2803.9795918367345, 
                3171.3061224489793, 
                3538.632653061224, 
                3905.9591836734694, 
                4273.285714285714, 
                4640.612244897959, 
                5007.938775510203, 
                5375.265306122448, 
                5742.591836734693, 
                6109.918367346939, 
                6477.244897959184, 
                6844.571428571428, 
                7211.897959183673, 
                7579.224489795918, 
                7946.551020408163, 
                8313.877551020407, 
                8681.204081632652, 
                9048.530612244896, 
                9415.857142857141, 
                9783.183673469386, 
                10150.510204081633, 
                10517.836734693878, 
                10885.163265306122, 
                11252.489795918367, 
                11619.816326530612, 
                11987.142857142857, 
                12354.469387755102, 
                12721.795918367347, 
                13089.122448979591, 
                13456.448979591836, 
                13823.775510204081, 
                14191.102040816326, 
                14558.42857142857, 
                14925.755102040815, 
                15293.08163265306, 
                15660.408163265305, 
                16027.73469387755, 
                16395.061224489793, 
                16762.38775510204, 
                17129.714285714283, 
                17497.04081632653, 
                17864.367346938772, 
                18231.69387755102, 
                18599.020408163266, 
                18966.34693877551, 
                19333.673469387755, 
                19701.0
            ], 
            "nbRecords": 220, 
            "distribution": [
                0.004545454545454545, 
                0.11363636363636363, 
                0.1, 
                0.07727272727272727, 
                0.03636363636363636, 
                0.02727272727272727, 
                0.045454545454545456, 
                0.04090909090909091, 
                0.04090909090909091, 
                0.03636363636363636, 
                0.03636363636363636, 
                0.01818181818181818, 
                0.05, 
                0.03636363636363636, 
                0.013636363636363636, 
                0.00909090909090909, 
                0.013636363636363636, 
                0.013636363636363636, 
                0.013636363636363636, 
                0.013636363636363636, 
                0.013636363636363636, 
                0.022727272727272728, 
                0.022727272727272728, 
                0.022727272727272728, 
                0.013636363636363636, 
                0.00909090909090909, 
                0.004545454545454545, 
                0.013636363636363636, 
                0.00909090909090909, 
                0.0, 
                0.004545454545454545, 
                0.022727272727272728, 
                0.013636363636363636, 
                0.004545454545454545, 
                0.0, 
                0.0, 
                0.0, 
                0.0, 
                0.0, 
                0.0, 
                0.0, 
                0.022727272727272728, 
                0.01818181818181818, 
                0.00909090909090909, 
                0.004545454545454545, 
                0.0, 
                0.004545454545454545, 
                0.013636363636363636, 
                0.00909090909090909
            ], 
            "unrepresentedModalities": null
        }
    ], 
    "modelInputNCols": 82, 
    "modelInputMemory": 627136, 
    "gridCells": [
        {
            "scoreTimeStd": 0.003487119154832539, 
            "scoreTime": 0.010199999999999999, 
            "fitTime": 0.15220000000000003, 
            "score": 0.7681238122798162, 
            "params": {
                "reg_alpha": 0.0, 
                "colsample_bytree": 1.0, 
                "colsample_bylevel": 1.0, 
                "learning_rate": 0.2, 
                "max_delta_step": 0.0, 
                "min_child_weight": 0.0, 
                "n_estimators": 6, 
                "subsample": 1.0, 
                "reg_lambda": 1.0, 
                "max_depth": 6, 
                "gamma": 0.0, 
                "booster": "gbtree"
            }, 
            "fitTimeStd": 0.024003333101883993, 
            "scoreStd": 0.04185702864187805
        }, 
        {
            "scoreTimeStd": 0.00658483105326173, 
            "scoreTime": 0.010199999999999999, 
            "fitTime": 0.24440000000000003, 
            "score": 0.8033491892798948, 
            "params": {
                "reg_alpha": 0.0, 
                "colsample_bytree": 1.0, 
                "colsample_bylevel": 1.0, 
                "learning_rate": 0.2, 
                "max_delta_step": 0.0, 
                "min_child_weight": 0.0, 
                "n_estimators": 11, 
                "subsample": 0.75, 
                "reg_lambda": 1.0, 
                "max_depth": 6, 
                "gamma": 0.0, 
                "booster": "gbtree"
            }, 
            "fitTimeStd": 0.132206807691586, 
            "scoreStd": 0.056926215273421385
        }, 
        {
            "scoreTimeStd": 0.0031240998703626617, 
            "scoreTime": 0.0098, 
            "fitTime": 0.0742, 
            "score": 0.7640460608907749, 
            "params": {
                "reg_alpha": 1.0, 
                "colsample_bytree": 1.0, 
                "colsample_bylevel": 1.0, 
                "learning_rate": 0.2, 
                "max_delta_step": 0.0, 
                "min_child_weight": 0.0, 
                "n_estimators": 17, 
                "subsample": 1.0, 
                "reg_lambda": 0.0, 
                "max_depth": 1, 
                "gamma": 0.0, 
                "booster": "gbtree"
            }, 
            "fitTimeStd": 0.04304602188356085, 
            "scoreStd": 0.041811201470335645
        }, 
        {
            "scoreTimeStd": 0.0033466401061363026, 
            "scoreTime": 0.015, 
            "fitTime": 0.11979999999999999, 
            "score": 0.7699373333297005, 
            "params": {
                "reg_alpha": 1.0, 
                "colsample_bytree": 0.75, 
                "colsample_bylevel": 1.0, 
                "learning_rate": 0.2, 
                "max_delta_step": 0.0, 
                "min_child_weight": 0.0, 
                "n_estimators": 23, 
                "subsample": 1.0, 
                "reg_lambda": 1.0, 
                "max_depth": 1, 
                "gamma": 0.0, 
                "booster": "gbtree"
            }, 
            "fitTimeStd": 0.04958790175032616, 
            "scoreStd": 0.047141491118997444
        }, 
        {
            "scoreTimeStd": 0.006368673331236262, 
            "scoreTime": 0.012199999999999999, 
            "fitTime": 0.1436, 
            "score": 0.7788191203196437, 
            "params": {
                "reg_alpha": 0.0, 
                "colsample_bytree": 0.75, 
                "colsample_bylevel": 1.0, 
                "learning_rate": 0.2, 
                "max_delta_step": 0.0, 
                "min_child_weight": 0.0, 
                "n_estimators": 10, 
                "subsample": 0.75, 
                "reg_lambda": 1.0, 
                "max_depth": 6, 
                "gamma": 0.0, 
                "booster": "gbtree"
            }, 
            "fitTimeStd": 0.09690737846005329, 
            "scoreStd": 0.04750128595257312
        }, 
        {
            "scoreTimeStd": 0.004069397989875161, 
            "scoreTime": 0.0108, 
            "fitTime": 0.1268, 
            "score": 0.8014334091112957, 
            "params": {
                "reg_alpha": 1.0, 
                "colsample_bytree": 1.0, 
                "colsample_bylevel": 1.0, 
                "learning_rate": 0.2, 
                "max_delta_step": 0.0, 
                "min_child_weight": 0.0, 
                "n_estimators": 17, 
                "subsample": 0.75, 
                "reg_lambda": 1.0, 
                "max_depth": 3, 
                "gamma": 0.0, 
                "booster": "gbtree"
            }, 
            "fitTimeStd": 0.03565613551690648, 
            "scoreStd": 0.05473432985427472
        }, 
        {
            "scoreTimeStd": 0.005238320341483518, 
            "scoreTime": 0.014400000000000001, 
            "fitTime": 0.1002, 
            "score": 0.790642511035205, 
            "params": {
                "reg_alpha": 0.0, 
                "colsample_bytree": 0.75, 
                "colsample_bylevel": 1.0, 
                "learning_rate": 0.2, 
                "max_delta_step": 0.0, 
                "min_child_weight": 0.0, 
                "n_estimators": 14, 
                "subsample": 1.0, 
                "reg_lambda": 1.0, 
                "max_depth": 3, 
                "gamma": 0.0, 
                "booster": "gbtree"
            }, 
            "fitTimeStd": 0.04802665926337163, 
            "scoreStd": 0.07099208417985654
        }, 
        {
            "scoreTimeStd": 0.0057480431452799656, 
            "scoreTime": 0.0116, 
            "fitTime": 0.1156, 
            "score": 0.8010324247435481, 
            "params": {
                "reg_alpha": 1.0, 
                "colsample_bytree": 1.0, 
                "colsample_bylevel": 1.0, 
                "learning_rate": 0.2, 
                "max_delta_step": 0.0, 
                "min_child_weight": 0.0, 
                "n_estimators": 11, 
                "subsample": 1.0, 
                "reg_lambda": 0.0, 
                "max_depth": 3, 
                "gamma": 0.0, 
                "booster": "gbtree"
            }, 
            "fitTimeStd": 0.04826841617455456, 
            "scoreStd": 0.05107684392825036
        }, 
        {
            "scoreTimeStd": 0.0036110940170535574, 
            "scoreTime": 0.0106, 
            "fitTime": 0.097, 
            "score": 0.781583348894817, 
            "params": {
                "reg_alpha": 0.0, 
                "colsample_bytree": 1.0, 
                "colsample_bylevel": 1.0, 
                "learning_rate": 0.2, 
                "max_delta_step": 0.0, 
                "min_child_weight": 0.0, 
                "n_estimators": 21, 
                "subsample": 0.75, 
                "reg_lambda": 0.0, 
                "max_depth": 1, 
                "gamma": 0.0, 
                "booster": "gbtree"
            }, 
            "fitTimeStd": 0.023255106965997814, 
            "scoreStd": 0.04213564959755458
        }, 
        {
            "scoreTimeStd": 0.006248199740725323, 
            "scoreTime": 0.0134, 
            "fitTime": 0.233, 
            "score": 0.8078923621968637, 
            "params": {
                "reg_alpha": 0.0, 
                "colsample_bytree": 0.75, 
                "colsample_bylevel": 1.0, 
                "learning_rate": 0.2, 
                "max_delta_step": 0.0, 
                "min_child_weight": 0.0, 
                "n_estimators": 10, 
                "subsample": 1.0, 
                "reg_lambda": 0.0, 
                "max_depth": 6, 
                "gamma": 0.0, 
                "booster": "gbtree"
            }, 
            "fitTimeStd": 0.09047651629014017, 
            "scoreStd": 0.0751253850874922
        }, 
        {
            "scoreTimeStd": 0.00796492310069595, 
            "scoreTime": 0.0164, 
            "fitTime": 0.1992, 
            "score": 0.7989005250856701, 
            "params": {
                "reg_alpha": 1.0, 
                "colsample_bytree": 0.75, 
                "colsample_bylevel": 1.0, 
                "learning_rate": 0.2, 
                "max_delta_step": 0.0, 
                "min_child_weight": 0.0, 
                "n_estimators": 8, 
                "subsample": 1.0, 
                "reg_lambda": 1.0, 
                "max_depth": 6, 
                "gamma": 0.0, 
                "booster": "gbtree"
            }, 
            "fitTimeStd": 0.06654742669705568, 
            "scoreStd": 0.05424626996961467
        }, 
        {
            "scoreTimeStd": 0.0034641016151377543, 
            "scoreTime": 0.012, 
            "fitTime": 0.11760000000000001, 
            "score": 0.7957343447895892, 
            "params": {
                "reg_alpha": 1.0, 
                "colsample_bytree": 0.75, 
                "colsample_bylevel": 1.0, 
                "learning_rate": 0.2, 
                "max_delta_step": 0.0, 
                "min_child_weight": 0.0, 
                "n_estimators": 13, 
                "subsample": 0.75, 
                "reg_lambda": 0.0, 
                "max_depth": 3, 
                "gamma": 0.0, 
                "booster": "gbtree"
            }, 
            "fitTimeStd": 0.04967333288596609, 
            "scoreStd": 0.06921064965709112
        }, 
        {
            "scoreTimeStd": 0.005727128425310541, 
            "scoreTime": 0.013999999999999999, 
            "fitTime": 0.07239999999999999, 
            "score": 0.7623469997040699, 
            "params": {
                "reg_alpha": 0.0, 
                "colsample_bytree": 1.0, 
                "colsample_bylevel": 1.0, 
                "learning_rate": 0.2, 
                "max_delta_step": 0.0, 
                "min_child_weight": 0.0, 
                "n_estimators": 17, 
                "subsample": 1.0, 
                "reg_lambda": 1.0, 
                "max_depth": 1, 
                "gamma": 0.0, 
                "booster": "gbtree"
            }, 
            "fitTimeStd": 0.026142685401465554, 
            "scoreStd": 0.03968328089399956
        }, 
        {
            "scoreTimeStd": 0.0026532998322843196, 
            "scoreTime": 0.013599999999999998, 
            "fitTime": 0.1206, 
            "score": 0.793027383914477, 
            "params": {
                "reg_alpha": 1.0, 
                "colsample_bytree": 1.0, 
                "colsample_bylevel": 1.0, 
                "learning_rate": 0.2, 
                "max_delta_step": 0.0, 
                "min_child_weight": 0.0, 
                "n_estimators": 25, 
                "subsample": 0.75, 
                "reg_lambda": 0.0, 
                "max_depth": 1, 
                "gamma": 0.0, 
                "booster": "gbtree"
            }, 
            "fitTimeStd": 0.059965323312728, 
            "scoreStd": 0.062117579767108536
        }, 
        {
            "scoreTimeStd": 0.008518215775618742, 
            "scoreTime": 0.0162, 
            "fitTime": 0.0878, 
            "score": 0.7670966059164517, 
            "params": {
                "reg_alpha": 0.0, 
                "colsample_bytree": 0.75, 
                "colsample_bylevel": 1.0, 
                "learning_rate": 0.2, 
                "max_delta_step": 0.0, 
                "min_child_weight": 0.0, 
                "n_estimators": 13, 
                "subsample": 1.0, 
                "reg_lambda": 0.0, 
                "max_depth": 1, 
                "gamma": 0.0, 
                "booster": "gbtree"
            }, 
            "fitTimeStd": 0.03834266553071135, 
            "scoreStd": 0.03948619238938116
        }, 
        {
            "scoreTimeStd": 0.006554387843269576, 
            "scoreTime": 0.012199999999999999, 
            "fitTime": 0.15460000000000002, 
            "score": 0.7871429517168562, 
            "params": {
                "reg_alpha": 0.0, 
                "colsample_bytree": 1.0, 
                "colsample_bylevel": 1.0, 
                "learning_rate": 0.2, 
                "max_delta_step": 0.0, 
                "min_child_weight": 0.0, 
                "n_estimators": 25, 
                "subsample": 1.0, 
                "reg_lambda": 0.0, 
                "max_depth": 3, 
                "gamma": 0.0, 
                "booster": "gbtree"
            }, 
            "fitTimeStd": 0.07146915418556456, 
            "scoreStd": 0.06355366521593074
        }, 
        {
            "scoreTimeStd": 0.017045820602130012, 
            "scoreTime": 0.022799999999999997, 
            "fitTime": 0.1008, 
            "score": 0.7999346400228919, 
            "params": {
                "reg_alpha": 0.0, 
                "colsample_bytree": 0.75, 
                "colsample_bylevel": 1.0, 
                "learning_rate": 0.2, 
                "max_delta_step": 0.0, 
                "min_child_weight": 0.0, 
                "n_estimators": 10, 
                "subsample": 0.75, 
                "reg_lambda": 1.0, 
                "max_depth": 1, 
                "gamma": 0.0, 
                "booster": "gbtree"
            }, 
            "fitTimeStd": 0.06691008892536313, 
            "scoreStd": 0.04471710626743501
        }, 
        {
            "scoreTimeStd": 0.01321514282934543, 
            "scoreTime": 0.028600000000000004, 
            "fitTime": 0.10379999999999998, 
            "score": 0.792917653187872, 
            "params": {
                "reg_alpha": 0.0, 
                "colsample_bytree": 0.75, 
                "colsample_bylevel": 1.0, 
                "learning_rate": 0.2, 
                "max_delta_step": 0.0, 
                "min_child_weight": 0.0, 
                "n_estimators": 9, 
                "subsample": 0.75, 
                "reg_lambda": 0.0, 
                "max_depth": 1, 
                "gamma": 0.0, 
                "booster": "gbtree"
            }, 
            "fitTimeStd": 0.05545592844773226, 
            "scoreStd": 0.038993198816977354
        }, 
        {
            "scoreTimeStd": 0.0034292856398964494, 
            "scoreTime": 0.0122, 
            "fitTime": 0.1082, 
            "score": 0.7873389901683561, 
            "params": {
                "reg_alpha": 1.0, 
                "colsample_bytree": 0.75, 
                "colsample_bylevel": 1.0, 
                "learning_rate": 0.2, 
                "max_delta_step": 0.0, 
                "min_child_weight": 0.0, 
                "n_estimators": 4, 
                "subsample": 0.75, 
                "reg_lambda": 1.0, 
                "max_depth": 3, 
                "gamma": 0.0, 
                "booster": "gbtree"
            }, 
            "fitTimeStd": 0.057728329267353655, 
            "scoreStd": 0.06143291076067248
        }, 
        {
            "scoreTimeStd": 0.0028565713714171397, 
            "scoreTime": 0.011199999999999998, 
            "fitTime": 0.10659999999999999, 
            "score": 0.7702313479989226, 
            "params": {
                "reg_alpha": 0.0, 
                "colsample_bytree": 0.75, 
                "colsample_bylevel": 1.0, 
                "learning_rate": 0.2, 
                "max_delta_step": 0.0, 
                "min_child_weight": 0.0, 
                "n_estimators": 25, 
                "subsample": 1.0, 
                "reg_lambda": 1.0, 
                "max_depth": 1, 
                "gamma": 0.0, 
                "booster": "gbtree"
            }, 
            "fitTimeStd": 0.05248466442685901, 
            "scoreStd": 0.04689895901595993
        }, 
        {
            "scoreTimeStd": 0.005564171097297422, 
            "scoreTime": 0.0108, 
            "fitTime": 0.14100000000000001, 
            "score": 0.7854741363079764, 
            "params": {
                "reg_alpha": 1.0, 
                "colsample_bytree": 1.0, 
                "colsample_bylevel": 1.0, 
                "learning_rate": 0.2, 
                "max_delta_step": 0.0, 
                "min_child_weight": 0.0, 
                "n_estimators": 5, 
                "subsample": 1.0, 
                "reg_lambda": 1.0, 
                "max_depth": 6, 
                "gamma": 0.0, 
                "booster": "gbtree"
            }, 
            "fitTimeStd": 0.04073327877792309, 
            "scoreStd": 0.0409718482009969
        }, 
        {
            "scoreTimeStd": 0.0018973665961010279, 
            "scoreTime": 0.01, 
            "fitTime": 0.1432, 
            "score": 0.7794255717212181, 
            "params": {
                "reg_alpha": 1.0, 
                "colsample_bytree": 1.0, 
                "colsample_bylevel": 1.0, 
                "learning_rate": 0.2, 
                "max_delta_step": 0.0, 
                "min_child_weight": 0.0, 
                "n_estimators": 9, 
                "subsample": 0.75, 
                "reg_lambda": 0.0, 
                "max_depth": 6, 
                "gamma": 0.0, 
                "booster": "gbtree"
            }, 
            "fitTimeStd": 0.038876213807417, 
            "scoreStd": 0.06808961004839086
        }, 
        {
            "scoreTimeStd": 0.004317406628984581, 
            "scoreTime": 0.0114, 
            "fitTime": 0.12280000000000002, 
            "score": 0.8003247398664877, 
            "params": {
                "reg_alpha": 0.0, 
                "colsample_bytree": 0.75, 
                "colsample_bylevel": 1.0, 
                "learning_rate": 0.2, 
                "max_delta_step": 0.0, 
                "min_child_weight": 0.0, 
                "n_estimators": 13, 
                "subsample": 0.75, 
                "reg_lambda": 0.0, 
                "max_depth": 3, 
                "gamma": 0.0, 
                "booster": "gbtree"
            }, 
            "fitTimeStd": 0.05219348618362257, 
            "scoreStd": 0.04872153020106633
        }, 
        {
            "scoreTimeStd": 0.011617228585166084, 
            "scoreTime": 0.024799999999999996, 
            "fitTime": 0.1176, 
            "score": 0.7888154808798795, 
            "params": {
                "reg_alpha": 0.0, 
                "colsample_bytree": 1.0, 
                "colsample_bylevel": 1.0, 
                "learning_rate": 0.2, 
                "max_delta_step": 0.0, 
                "min_child_weight": 0.0, 
                "n_estimators": 11, 
                "subsample": 0.75, 
                "reg_lambda": 1.0, 
                "max_depth": 3, 
                "gamma": 0.0, 
                "booster": "gbtree"
            }, 
            "fitTimeStd": 0.03673472471654034, 
            "scoreStd": 0.04408412968814956
        }, 
        {
            "scoreTimeStd": 0.010067770358922574, 
            "scoreTime": 0.028800000000000003, 
            "fitTime": 0.11000000000000001, 
            "score": 0.7676546654270574, 
            "params": {
                "reg_alpha": 0.0, 
                "colsample_bytree": 1.0, 
                "colsample_bylevel": 1.0, 
                "learning_rate": 0.2, 
                "max_delta_step": 0.0, 
                "min_child_weight": 0.0, 
                "n_estimators": 17, 
                "subsample": 1.0, 
                "reg_lambda": 0.0, 
                "max_depth": 1, 
                "gamma": 0.0, 
                "booster": "gbtree"
            }, 
            "fitTimeStd": 0.060099916805266884, 
            "scoreStd": 0.04533713389940623
        }, 
        {
            "scoreTimeStd": 0.0020591260281974, 
            "scoreTime": 0.010400000000000001, 
            "fitTime": 0.14199999999999996, 
            "score": 0.8070285103667775, 
            "params": {
                "reg_alpha": 0.0, 
                "colsample_bytree": 0.75, 
                "colsample_bylevel": 1.0, 
                "learning_rate": 0.2, 
                "max_delta_step": 0.0, 
                "min_child_weight": 0.0, 
                "n_estimators": 19, 
                "subsample": 1.0, 
                "reg_lambda": 0.0, 
                "max_depth": 3, 
                "gamma": 0.0, 
                "booster": "gbtree"
            }, 
            "fitTimeStd": 0.04304416336740673, 
            "scoreStd": 0.04986886428237853
        }, 
        {
            "scoreTimeStd": 0.0028705400188814654, 
            "scoreTime": 0.010400000000000001, 
            "fitTime": 0.2784, 
            "score": 0.7795025790146112, 
            "params": {
                "reg_alpha": 0.0, 
                "colsample_bytree": 1.0, 
                "colsample_bylevel": 1.0, 
                "learning_rate": 0.2, 
                "max_delta_step": 0.0, 
                "min_child_weight": 0.0, 
                "n_estimators": 9, 
                "subsample": 0.75, 
                "reg_lambda": 0.0, 
                "max_depth": 6, 
                "gamma": 0.0, 
                "booster": "gbtree"
            }, 
            "fitTimeStd": 0.14181903962444534, 
            "scoreStd": 0.07428655187743631
        }, 
        {
            "scoreTimeStd": 0.001469693845669907, 
            "scoreTime": 0.009200000000000002, 
            "fitTime": 0.2528, 
            "score": 0.7915591714842646, 
            "params": {
                "reg_alpha": 0.0, 
                "colsample_bytree": 0.75, 
                "colsample_bylevel": 1.0, 
                "learning_rate": 0.2, 
                "max_delta_step": 0.0, 
                "min_child_weight": 0.0, 
                "n_estimators": 12, 
                "subsample": 0.75, 
                "reg_lambda": 0.0, 
                "max_depth": 6, 
                "gamma": 0.0, 
                "booster": "gbtree"
            }, 
            "fitTimeStd": 0.10474235055601912, 
            "scoreStd": 0.04429469792123024
        }, 
        {
            "scoreTimeStd": 0.009273618495495704, 
            "scoreTime": 0.022, 
            "fitTime": 0.16260000000000002, 
            "score": 0.7910827296403401, 
            "params": {
                "reg_alpha": 1.0, 
                "colsample_bytree": 1.0, 
                "colsample_bylevel": 1.0, 
                "learning_rate": 0.2, 
                "max_delta_step": 0.0, 
                "min_child_weight": 0.0, 
                "n_estimators": 7, 
                "subsample": 1.0, 
                "reg_lambda": 0.0, 
                "max_depth": 6, 
                "gamma": 0.0, 
                "booster": "gbtree"
            }, 
            "fitTimeStd": 0.04739029436498575, 
            "scoreStd": 0.06265552233652096
        }, 
        {
            "scoreTimeStd": 0.010892199043352079, 
            "scoreTime": 0.0374, 
            "fitTime": 0.133, 
            "score": 0.784445418987441, 
            "params": {
                "reg_alpha": 0.0, 
                "colsample_bytree": 0.75, 
                "colsample_bylevel": 1.0, 
                "learning_rate": 0.2, 
                "max_delta_step": 0.0, 
                "min_child_weight": 0.0, 
                "n_estimators": 6, 
                "subsample": 0.75, 
                "reg_lambda": 1.0, 
                "max_depth": 3, 
                "gamma": 0.0, 
                "booster": "gbtree"
            }, 
            "fitTimeStd": 0.058006896141751974, 
            "scoreStd": 0.05902819516568623
        }, 
        {
            "scoreTimeStd": 0.009777525249264252, 
            "scoreTime": 0.020999999999999998, 
            "fitTime": 0.1678, 
            "score": 0.7766658397772895, 
            "params": {
                "reg_alpha": 1.0, 
                "colsample_bytree": 1.0, 
                "colsample_bylevel": 1.0, 
                "learning_rate": 0.2, 
                "max_delta_step": 0.0, 
                "min_child_weight": 0.0, 
                "n_estimators": 32, 
                "subsample": 1.0, 
                "reg_lambda": 1.0, 
                "max_depth": 1, 
                "gamma": 0.0, 
                "booster": "gbtree"
            }, 
            "fitTimeStd": 0.06436893660765261, 
            "scoreStd": 0.0513065868164804
        }, 
        {
            "scoreTimeStd": 0.0019390719429665318, 
            "scoreTime": 0.0158, 
            "fitTime": 0.08180000000000001, 
            "score": 0.7790443749760727, 
            "params": {
                "reg_alpha": 1.0, 
                "colsample_bytree": 0.75, 
                "colsample_bylevel": 1.0, 
                "learning_rate": 0.2, 
                "max_delta_step": 0.0, 
                "min_child_weight": 0.0, 
                "n_estimators": 5, 
                "subsample": 0.75, 
                "reg_lambda": 0.0, 
                "max_depth": 1, 
                "gamma": 0.0, 
                "booster": "gbtree"
            }, 
            "fitTimeStd": 0.05823881866933773, 
            "scoreStd": 0.04897663205061953
        }, 
        {
            "scoreTimeStd": 0.005381449618829485, 
            "scoreTime": 0.019200000000000002, 
            "fitTime": 0.13940000000000002, 
            "score": 0.7995615910067689, 
            "params": {
                "reg_alpha": 1.0, 
                "colsample_bytree": 1.0, 
                "colsample_bylevel": 1.0, 
                "learning_rate": 0.2, 
                "max_delta_step": 0.0, 
                "min_child_weight": 0.0, 
                "n_estimators": 20, 
                "subsample": 0.75, 
                "reg_lambda": 0.0, 
                "max_depth": 3, 
                "gamma": 0.0, 
                "booster": "gbtree"
            }, 
            "fitTimeStd": 0.024096472770926455, 
            "scoreStd": 0.06062833464758549
        }, 
        {
            "scoreTimeStd": 0.0031622776601683794, 
            "scoreTime": 0.016, 
            "fitTime": 0.08259999999999999, 
            "score": 0.7674813299748473, 
            "params": {
                "reg_alpha": 1.0, 
                "colsample_bytree": 0.75, 
                "colsample_bylevel": 1.0, 
                "learning_rate": 0.2, 
                "max_delta_step": 0.0, 
                "min_child_weight": 0.0, 
                "n_estimators": 5, 
                "subsample": 0.75, 
                "reg_lambda": 1.0, 
                "max_depth": 1, 
                "gamma": 0.0, 
                "booster": "gbtree"
            }, 
            "fitTimeStd": 0.05744423382725198, 
            "scoreStd": 0.04186723749908829
        }, 
        {
            "scoreTimeStd": 0.002939387691339814, 
            "scoreTime": 0.014599999999999998, 
            "fitTime": 0.1034, 
            "score": 0.808379952289295, 
            "params": {
                "reg_alpha": 1.0, 
                "colsample_bytree": 0.75, 
                "colsample_bylevel": 1.0, 
                "learning_rate": 0.2, 
                "max_delta_step": 0.0, 
                "min_child_weight": 0.0, 
                "n_estimators": 12, 
                "subsample": 1.0, 
                "reg_lambda": 1.0, 
                "max_depth": 3, 
                "gamma": 0.0, 
                "booster": "gbtree"
            }, 
            "fitTimeStd": 0.0784107135536975, 
            "scoreStd": 0.046826597247844715
        }, 
        {
            "scoreTimeStd": 0.0035213633723318017, 
            "scoreTime": 0.011, 
            "fitTime": 0.07239999999999999, 
            "score": 0.7878878728136726, 
            "params": {
                "reg_alpha": 1.0, 
                "colsample_bytree": 1.0, 
                "colsample_bylevel": 1.0, 
                "learning_rate": 0.2, 
                "max_delta_step": 0.0, 
                "min_child_weight": 0.0, 
                "n_estimators": 8, 
                "subsample": 1.0, 
                "reg_lambda": 1.0, 
                "max_depth": 3, 
                "gamma": 0.0, 
                "booster": "gbtree"
            }, 
            "fitTimeStd": 0.02460569039876752, 
            "scoreStd": 0.05346329681385181
        }, 
        {
            "scoreTimeStd": 0.012658593918757328, 
            "scoreTime": 0.0274, 
            "fitTime": 0.0756, 
            "score": 0.7849307399151807, 
            "params": {
                "reg_alpha": 1.0, 
                "colsample_bytree": 0.75, 
                "colsample_bylevel": 1.0, 
                "learning_rate": 0.2, 
                "max_delta_step": 0.0, 
                "min_child_weight": 0.0, 
                "n_estimators": 8, 
                "subsample": 1.0, 
                "reg_lambda": 0.0, 
                "max_depth": 3, 
                "gamma": 0.0, 
                "booster": "gbtree"
            }, 
            "fitTimeStd": 0.02962836478781777, 
            "scoreStd": 0.04933296136064412
        }, 
        {
            "scoreTimeStd": 0.017497428382479526, 
            "scoreTime": 0.0338, 
            "fitTime": 0.16019999999999998, 
            "score": 0.794890392359315, 
            "params": {
                "reg_alpha": 1.0, 
                "colsample_bytree": 0.75, 
                "colsample_bylevel": 1.0, 
                "learning_rate": 0.2, 
                "max_delta_step": 0.0, 
                "min_child_weight": 0.0, 
                "n_estimators": 7, 
                "subsample": 1.0, 
                "reg_lambda": 0.0, 
                "max_depth": 6, 
                "gamma": 0.0, 
                "booster": "gbtree"
            }, 
            "fitTimeStd": 0.03160632848022686, 
            "scoreStd": 0.04775391800291439
        }, 
        {
            "scoreTimeStd": 0.005692099788303083, 
            "scoreTime": 0.041, 
            "fitTime": 0.1334, 
            "score": 0.7772498195933294, 
            "params": {
                "reg_alpha": 0.0, 
                "colsample_bytree": 1.0, 
                "colsample_bylevel": 1.0, 
                "learning_rate": 0.2, 
                "max_delta_step": 0.0, 
                "min_child_weight": 0.0, 
                "n_estimators": 11, 
                "subsample": 0.75, 
                "reg_lambda": 0.0, 
                "max_depth": 3, 
                "gamma": 0.0, 
                "booster": "gbtree"
            }, 
            "fitTimeStd": 0.03683802383407666, 
            "scoreStd": 0.0410002729750431
        }, 
        {
            "scoreTimeStd": 0.01443606594609487, 
            "scoreTime": 0.032, 
            "fitTime": 0.1384, 
            "score": 0.7815904240429146, 
            "params": {
                "reg_alpha": 0.0, 
                "colsample_bytree": 1.0, 
                "colsample_bylevel": 1.0, 
                "learning_rate": 0.2, 
                "max_delta_step": 0.0, 
                "min_child_weight": 0.0, 
                "n_estimators": 17, 
                "subsample": 0.75, 
                "reg_lambda": 1.0, 
                "max_depth": 1, 
                "gamma": 0.0, 
                "booster": "gbtree"
            }, 
            "fitTimeStd": 0.033577373333838964, 
            "scoreStd": 0.043655773213444556
        }, 
        {
            "scoreTimeStd": 0.0008000000000000001, 
            "scoreTime": 0.0094, 
            "fitTime": 0.0968, 
            "score": 0.7814302549418103, 
            "params": {
                "reg_alpha": 1.0, 
                "colsample_bytree": 1.0, 
                "colsample_bylevel": 1.0, 
                "learning_rate": 0.2, 
                "max_delta_step": 0.0, 
                "min_child_weight": 0.0, 
                "n_estimators": 23, 
                "subsample": 0.75, 
                "reg_lambda": 1.0, 
                "max_depth": 1, 
                "gamma": 0.0, 
                "booster": "gbtree"
            }, 
            "fitTimeStd": 0.02886797533600166, 
            "scoreStd": 0.05424214364564761
        }, 
        {
            "scoreTimeStd": 0.0018973665961010272, 
            "scoreTime": 0.012, 
            "fitTime": 0.1022, 
            "score": 0.7688899679901507, 
            "params": {
                "reg_alpha": 1.0, 
                "colsample_bytree": 0.75, 
                "colsample_bylevel": 1.0, 
                "learning_rate": 0.2, 
                "max_delta_step": 0.0, 
                "min_child_weight": 0.0, 
                "n_estimators": 25, 
                "subsample": 1.0, 
                "reg_lambda": 0.0, 
                "max_depth": 1, 
                "gamma": 0.0, 
                "booster": "gbtree"
            }, 
            "fitTimeStd": 0.042658645079280244, 
            "scoreStd": 0.04674611701040904
        }, 
        {
            "scoreTimeStd": 0.0038781438859330636, 
            "scoreTime": 0.009600000000000001, 
            "fitTime": 0.23359999999999997, 
            "score": 0.7996841141111184, 
            "params": {
                "reg_alpha": 1.0, 
                "colsample_bytree": 0.75, 
                "colsample_bylevel": 1.0, 
                "learning_rate": 0.2, 
                "max_delta_step": 0.0, 
                "min_child_weight": 0.0, 
                "n_estimators": 16, 
                "subsample": 0.75, 
                "reg_lambda": 0.0, 
                "max_depth": 6, 
                "gamma": 0.0, 
                "booster": "gbtree"
            }, 
            "fitTimeStd": 0.10752413682517986, 
            "scoreStd": 0.07240419238173385
        }, 
        {
            "scoreTimeStd": 0.0024819347291981713, 
            "scoreTime": 0.0098, 
            "fitTime": 0.1814, 
            "score": 0.7960354051344023, 
            "params": {
                "reg_alpha": 1.0, 
                "colsample_bytree": 0.75, 
                "colsample_bylevel": 1.0, 
                "learning_rate": 0.2, 
                "max_delta_step": 0.0, 
                "min_child_weight": 0.0, 
                "n_estimators": 9, 
                "subsample": 0.75, 
                "reg_lambda": 1.0, 
                "max_depth": 6, 
                "gamma": 0.0, 
                "booster": "gbtree"
            }, 
            "fitTimeStd": 0.05562948858294493, 
            "scoreStd": 0.0588600796932718
        }, 
        {
            "scoreTimeStd": 0.006723094525588644, 
            "scoreTime": 0.014000000000000002, 
            "fitTime": 0.1254, 
            "score": 0.7962759756700835, 
            "params": {
                "reg_alpha": 0.0, 
                "colsample_bytree": 1.0, 
                "colsample_bylevel": 1.0, 
                "learning_rate": 0.2, 
                "max_delta_step": 0.0, 
                "min_child_weight": 0.0, 
                "n_estimators": 12, 
                "subsample": 1.0, 
                "reg_lambda": 1.0, 
                "max_depth": 3, 
                "gamma": 0.0, 
                "booster": "gbtree"
            }, 
            "fitTimeStd": 0.03657649518474945, 
            "scoreStd": 0.05695167390288557
        }, 
        {
            "scoreTimeStd": 0.0052, 
            "scoreTime": 0.0174, 
            "fitTime": 0.1956, 
            "score": 0.775795351611981, 
            "params": {
                "reg_alpha": 0.0, 
                "colsample_bytree": 1.0, 
                "colsample_bylevel": 1.0, 
                "learning_rate": 0.2, 
                "max_delta_step": 0.0, 
                "min_child_weight": 0.0, 
                "n_estimators": 10, 
                "subsample": 1.0, 
                "reg_lambda": 0.0, 
                "max_depth": 6, 
                "gamma": 0.0, 
                "booster": "gbtree"
            }, 
            "fitTimeStd": 0.05752425575355148, 
            "scoreStd": 0.059936162663516285
        }, 
        {
            "scoreTimeStd": 0.0031999999999999997, 
            "scoreTime": 0.0124, 
            "fitTime": 0.18919999999999998, 
            "score": 0.7846579995927816, 
            "params": {
                "reg_alpha": 1.0, 
                "colsample_bytree": 1.0, 
                "colsample_bylevel": 1.0, 
                "learning_rate": 0.2, 
                "max_delta_step": 0.0, 
                "min_child_weight": 0.0, 
                "n_estimators": 10, 
                "subsample": 0.75, 
                "reg_lambda": 1.0, 
                "max_depth": 6, 
                "gamma": 0.0, 
                "booster": "gbtree"
            }, 
            "fitTimeStd": 0.05093682361514114, 
            "scoreStd": 0.05021252354854976
        }, 
        {
            "scoreTimeStd": 0.0023323807579381205, 
            "scoreTime": 0.0054, 
            "fitTime": 0.1976, 
            "score": 0.8059460738359733, 
            "params": {
                "reg_alpha": 0.0, 
                "colsample_bytree": 0.75, 
                "colsample_bylevel": 1.0, 
                "learning_rate": 0.2, 
                "max_delta_step": 0.0, 
                "min_child_weight": 0.0, 
                "n_estimators": 7, 
                "subsample": 1.0, 
                "reg_lambda": 1.0, 
                "max_depth": 6, 
                "gamma": 0.0, 
                "booster": "gbtree"
            }, 
            "fitTimeStd": 0.12024408509361281, 
            "scoreStd": 0.055249649424587315
        }
    ], 
    "gridBestScore": 0.808379952289295, 
    "modelInputIsSparse": false, 
    "nBoostedEstimators": 16
}