{
  "state": "DONE",
  "preSearchDescription": {
    "gridLength": 48,
    "importantParams": [
      {
        "name": "trees",
        "val": "300"
      },
      {
        "name": "max_depth",
        "vals": [
          "1",
          "3",
          "6"
        ]
      }
    ]
  },
  "postSearchDescription": {
    "importantParams": [
      {
        "name": "trees",
        "val": "12"
      },
      {
        "name": "max_depth",
        "val": "3"
      }
    ]
  },
  "timeOrderingEnabled": false,
  "sampleWeightsEnabled": false,
  "modelId": "m1",
  "progress": {
    "top_level_todo": [],
    "stack": [],
    "top_level_done": [
      {
        "name": "Loading train set",
        "time": 20
      },
      {
        "name": "Loading test set",
        "time": 12
      },
      {
        "name": "Collecting statistics",
        "time": 42
      },
      {
        "name": "Preprocessing train set",
        "time": 64
      },
      {
        "name": "Preprocessing test set",
        "time": 55
      },
      {
        "name": "Grid searching",
        "time": 10573
      },
      {
        "name": "Fitting model",
        "time": 17
      },
      {
        "name": "Saving model",
        "time": 3
      },
      {
        "name": "Scoring model",
        "time": 287
      }
    ]
  },
  "startTime": 1586867183421,
  "endTime": 1586867194497,
  "preprocessingTime": 196,
  "trainingTime": 10880
}