{
    "isDate": false, 
    "weightedNbRecords": 220, 
    "modalities": [
        {
            "count": 141, 
            "index": 0, 
            "weightedCount": 141, 
            "value": "Research & Development", 
            "filePath": "modality_perf_0.json"
        }, 
        {
            "count": 70, 
            "index": 1, 
            "weightedCount": 70, 
            "value": "Sales", 
            "filePath": "modality_perf_1.json"
        }, 
        {
            "count": 9, 
            "index": 2, 
            "value": "Human Resources", 
            "reason": "ONECLASS", 
            "weightedCount": 9, 
            "excluded": true
        }
    ], 
    "feature": "Department", 
    "computed_as_type": "CATEGORY", 
    "sameNumRowsAsSplit": true, 
    "nbRecords": 220
}