{
  "params": {
    "ttPolicy": "SPLIT_SINGLE_DATASET",
    "ssdSplitMode": "RANDOM",
    "splitBeforePrepare": true,
    "ssdSelection": {
      "useMemTable": false,
      "filter": {
        "distinct": false,
        "enabled": false
      },
      "partitionSelectionMethod": "ALL",
      "latestPartitionsN": 1,
      "ordering": {
        "enabled": false,
        "rules": []
      },
      "samplingMethod": "HEAD_SEQUENTIAL",
      "maxRecords": 100000,
      "targetRatio": 0.02,
      "withinFirstN": -1,
      "maxReadUncompressedBytes": -1
    },
    "ssdTrainingRatio": 0.8,
    "ssdSeed": 1337,
    "testOnLargerValues": true,
    "kfold": false,
    "nFolds": 5,
    "instanceIdRefresher": 0,
    "subSamplingSeed": 1337
  },
  "generationDate": 1586867182220,
  "policyId": "type\u003dSPLIT_SINGLE_DATASET,split\u003dRANDOM,splitBeforePrepare\u003dtrue,ds\u003ddata_train,sel\u003d(method\u003dhead-s,records\u003d100000),r\u003d0.8,s\u003d1337",
  "instanceId": "2498ab04a6e5850a9fea46ad649d18b7-0",
  "format": "csv1",
  "schema": {
    "columns": [
      {"name":"EmployeeNumber","type":"bigint"},
      {"name":"Age","type":"bigint"},
      {"name":"Department","type":"string"},
      {"name":"Education","type":"string"},
      {"name":"EducationField","type":"string"},
      {"name":"Gender","type":"string"},
      {"name":"JobLevel","type":"bigint"},
      {"name":"JobRole","type":"string"},
      {"name":"MaritalStatus","type":"string"},
      {"name":"NumCompaniesWorked","type":"bigint"},
      {"name":"Over18","type":"string"},
      {"name":"StandardHours","type":"bigint"},
      {"name":"TotalWorkingYears","type":"bigint"},
      {"name":"Attrition","type":"boolean"},
      {"name":"PerformanceRating","type":"bigint"},
      {"name":"OverTime","type":"boolean"},
      {"name":"JobInvolvement","type":"bigint"},
      {"name":"WorkLifeBalance","type":"bigint"},
      {"name":"JobSatisfaction","type":"bigint"},
      {"name":"EnvironmentSatisfaction","type":"bigint"},
      {"name":"RelationshipSatisfaction","type":"bigint"},
      {"name":"BusinessTravel","type":"string"},
      {"name":"DistanceFromHome","type":"bigint"},
      {"name":"TrainingTimesLastYear","type":"bigint"},
      {"name":"YearsAtCompany","type":"bigint"},
      {"name":"YearsInCurrentRole","type":"bigint"},
      {"name":"YearsSinceLastPromotion","type":"bigint"},
      {"name":"YearsWithCurrManager","type":"bigint"},
      {"name":"HourlyRate","type":"bigint"},
      {"name":"DailyRate","type":"bigint"},
      {"name":"MonthlyIncome","type":"bigint"},
      {"name":"MonthlyRate","type":"bigint"},
      {"name":"PercentSalaryHike","type":"bigint"},
      {"name":"StockOptionLevel","type":"bigint"}
    ],
    "userModified": false
  },
  "trainPath": "train-2498ab04a6e5850a9fea46ad649d18b7-0.csv.gz",
  "testPath": "test-2498ab04a6e5850a9fea46ad649d18b7-0.csv.gz",
  "trainRows": 956,
  "testRows": 220,
  "fullRows": 0
}