{
    "per_feature": {
        "PercentSalaryHike": {
            "stats": {
                "std": 3.5618524254699118, 
                "p99": 24.450000000000045, 
                "min": 11.0, 
                "max": 25.0, 
                "average": 15.165271966527197, 
                "median": 14.0
            }, 
            "missing_impute_with_value": 15.165271966527197
        }, 
        "RelationshipSatisfaction": {
            "stats": {
                "std": 1.085476947176768, 
                "p99": 4.0, 
                "min": 1.0, 
                "max": 4.0, 
                "average": 2.698744769874477, 
                "median": 3.0
            }, 
            "missing_impute_with_value": 2.698744769874477
        }, 
        "YearsSinceLastPromotion": {
            "stats": {
                "std": 3.212553827105485, 
                "p99": 14.0, 
                "min": 0.0, 
                "max": 15.0, 
                "average": 2.1443514644351462, 
                "median": 1.0
            }, 
            "missing_impute_with_value": 2.1443514644351462
        }, 
        "EnvironmentSatisfaction": {
            "stats": {
                "std": 1.0900982030592872, 
                "p99": 4.0, 
                "min": 1.0, 
                "max": 4.0, 
                "average": 2.6997907949790796, 
                "median": 3.0
            }, 
            "missing_impute_with_value": 2.6997907949790796
        }, 
        "MonthlyRate": {
            "stats": {
                "std": 7126.001791192018, 
                "p99": 26656.800000000003, 
                "min": 2097.0, 
                "max": 26997.0, 
                "average": 14316.281380753138, 
                "median": 14189.5
            }, 
            "missing_impute_with_value": 14316.281380753138
        }, 
        "Over18": {
            "stats": {}
        }, 
        "Department": {
            "stats": {
                "mostFrequentValue": "Research & Development", 
                "leastFrequentValue": "Human Resources"
            }, 
            "category_possible_counts": [
                633, 
                286, 
                37
            ], 
            "category_possible_values": [
                "Research & Development", 
                "Sales", 
                "Human Resources"
            ]
        }, 
        "JobLevel": {
            "missing_impute_with_value": "1", 
            "stats": {
                "mostFrequentValue": "1", 
                "leastFrequentValue": "5"
            }, 
            "category_possible_counts": [
                354, 
                343, 
                136, 
                73
            ], 
            "category_possible_values": [
                "1", 
                "2", 
                "3", 
                "4"
            ]
        }, 
        "TotalWorkingYears": {
            "stats": {
                "std": 7.905478082625225, 
                "p99": 34.0, 
                "min": 0.0, 
                "max": 37.0, 
                "average": 11.471757322175732, 
                "median": 10.0
            }, 
            "missing_impute_with_value": 11.471757322175732
        }, 
        "JobInvolvement": {
            "stats": {
                "std": 0.723174863710282, 
                "p99": 4.0, 
                "min": 1.0, 
                "max": 4.0, 
                "average": 2.7322175732217575, 
                "median": 3.0
            }, 
            "missing_impute_with_value": 2.7322175732217575
        }, 
        "MaritalStatus": {
            "stats": {
                "mostFrequentValue": "Married", 
                "leastFrequentValue": "Divorced"
            }, 
            "category_possible_counts": [
                439, 
                306, 
                211
            ], 
            "category_possible_values": [
                "Married", 
                "Single", 
                "Divorced"
            ]
        }, 
        "OverTime": {
            "stats": {
                "mostFrequentValue": "No", 
                "leastFrequentValue": "Yes"
            }, 
            "category_possible_counts": [
                681, 
                275
            ], 
            "category_possible_values": [
                "No", 
                "Yes"
            ]
        }, 
        "PerformanceRating": {
            "missing_impute_with_value": "3", 
            "stats": {
                "mostFrequentValue": "3", 
                "leastFrequentValue": "4"
            }, 
            "category_possible_counts": [
                822
            ], 
            "category_possible_values": [
                "3"
            ]
        }, 
        "StockOptionLevel": {
            "missing_impute_with_value": "0", 
            "stats": {
                "mostFrequentValue": "0", 
                "leastFrequentValue": "3"
            }, 
            "category_possible_counts": [
                413, 
                380, 
                104
            ], 
            "category_possible_values": [
                "0", 
                "1", 
                "2"
            ]
        }, 
        "DailyRate": {
            "stats": {
                "std": 403.6222175912602, 
                "p99": 1483.3500000000001, 
                "min": 102.0, 
                "max": 1499.0, 
                "average": 794.9466527196653, 
                "median": 797.5
            }, 
            "missing_impute_with_value": 794.9466527196653
        }, 
        "Gender": {
            "stats": {
                "mostFrequentValue": "Male", 
                "leastFrequentValue": "Female"
            }, 
            "category_possible_counts": [
                582, 
                374
            ], 
            "category_possible_values": [
                "Male", 
                "Female"
            ]
        }, 
        "Age": {
            "stats": {
                "std": 9.41033892800629, 
                "p99": 58.0, 
                "min": 18.0, 
                "max": 60.0, 
                "average": 37.09414225941423, 
                "median": 36.0
            }, 
            "missing_impute_with_value": 37.09414225941423
        }, 
        "YearsWithCurrManager": {
            "stats": {
                "std": 3.6077937303537526, 
                "p99": 14.0, 
                "min": 0.0, 
                "max": 17.0, 
                "average": 4.2322175732217575, 
                "median": 3.0
            }, 
            "missing_impute_with_value": 4.2322175732217575
        }, 
        "WorkLifeBalance": {
            "stats": {
                "std": 0.6958881621998636, 
                "p99": 4.0, 
                "min": 1.0, 
                "max": 4.0, 
                "average": 2.786610878661088, 
                "median": 3.0
            }, 
            "missing_impute_with_value": 2.786610878661088
        }, 
        "BusinessTravel": {
            "stats": {
                "mostFrequentValue": "Travel_Rarely", 
                "leastFrequentValue": "Non-Travel"
            }, 
            "category_possible_counts": [
                684, 
                181, 
                91
            ], 
            "category_possible_values": [
                "Travel_Rarely", 
                "Travel_Frequently", 
                "Non-Travel"
            ]
        }, 
        "JobSatisfaction": {
            "stats": {
                "std": 1.1011868794799282, 
                "p99": 4.0, 
                "min": 1.0, 
                "max": 4.0, 
                "average": 2.735355648535565, 
                "median": 3.0
            }, 
            "missing_impute_with_value": 2.735355648535565
        }, 
        "HourlyRate": {
            "stats": {
                "std": 20.259028102952637, 
                "p99": 100.0, 
                "min": 30.0, 
                "max": 100.0, 
                "average": 67.05648535564853, 
                "median": 67.0
            }, 
            "missing_impute_with_value": 67.05648535564853
        }, 
        "EducationField": {
            "stats": {
                "mostFrequentValue": "Life Sciences", 
                "leastFrequentValue": "Human Resources"
            }, 
            "category_possible_counts": [
                382, 
                320, 
                98, 
                87, 
                52, 
                17
            ], 
            "category_possible_values": [
                "Life Sciences", 
                "Medical", 
                "Marketing", 
                "Technical Degree", 
                "Other", 
                "Human Resources"
            ]
        }, 
        "JobRole": {
            "stats": {
                "mostFrequentValue": "Sales Executive", 
                "leastFrequentValue": "Human Resources"
            }, 
            "category_possible_counts": [
                203, 
                194, 
                160, 
                93, 
                92, 
                68, 
                61, 
                57, 
                28
            ], 
            "category_possible_values": [
                "Sales Executive", 
                "Research Scientist", 
                "Laboratory Technician", 
                "Healthcare Representative", 
                "Manufacturing Director", 
                "Manager", 
                "Sales Representative", 
                "Research Director", 
                "Human Resources"
            ]
        }, 
        "NumCompaniesWorked": {
            "stats": {
                "std": 2.455401890659405, 
                "p99": 9.0, 
                "min": 0.0, 
                "max": 9.0, 
                "average": 2.680962343096234, 
                "median": 2.0
            }, 
            "missing_impute_with_value": 2.680962343096234
        }, 
        "YearsInCurrentRole": {
            "stats": {
                "std": 3.6174750385386574, 
                "p99": 14.450000000000045, 
                "min": 0.0, 
                "max": 18.0, 
                "average": 4.25, 
                "median": 3.0
            }, 
            "missing_impute_with_value": 4.25
        }, 
        "YearsAtCompany": {
            "stats": {
                "std": 6.15735770888616, 
                "p99": 31.450000000000045, 
                "min": 0.0, 
                "max": 36.0, 
                "average": 7.085774058577406, 
                "median": 5.0
            }, 
            "missing_impute_with_value": 7.085774058577406
        }, 
        "TrainingTimesLastYear": {
            "stats": {
                "std": 1.2785789685595847, 
                "p99": 6.0, 
                "min": 0.0, 
                "max": 6.0, 
                "average": 2.8064853556485354, 
                "median": 3.0
            }, 
            "missing_impute_with_value": 2.8064853556485354
        }, 
        "MonthlyIncome": {
            "stats": {
                "std": 4800.906806967475, 
                "p99": 19640.95, 
                "min": 1051.0, 
                "max": 19999.0, 
                "average": 6572.26359832636, 
                "median": 4898.0
            }, 
            "missing_impute_with_value": 6572.26359832636
        }, 
        "StandardHours": {
            "stats": {}
        }, 
        "DistanceFromHome": {
            "stats": {
                "std": 8.151073804241637, 
                "p99": 29.0, 
                "min": 1.0, 
                "max": 29.0, 
                "average": 9.147489539748953, 
                "median": 7.0
            }, 
            "missing_impute_with_value": 9.147489539748953
        }, 
        "EmployeeNumber": {
            "stats": {}
        }, 
        "Attrition": {
            "stats": {}
        }, 
        "Education": {
            "stats": {
                "mostFrequentValue": "Bachelor", 
                "leastFrequentValue": "Doctor"
            }, 
            "category_possible_counts": [
                357, 
                271, 
                192, 
                102, 
                34
            ], 
            "category_possible_values": [
                "Bachelor", 
                "Master", 
                "College", 
                "Bellow College", 
                "Doctor"
            ]
        }
    }, 
    "feature_order": [
        "PercentSalaryHike", 
        "RelationshipSatisfaction", 
        "YearsSinceLastPromotion", 
        "EnvironmentSatisfaction", 
        "MonthlyRate", 
        "Over18", 
        "Department", 
        "JobLevel", 
        "TotalWorkingYears", 
        "JobInvolvement", 
        "MaritalStatus", 
        "OverTime", 
        "PerformanceRating", 
        "StockOptionLevel", 
        "DailyRate", 
        "Gender", 
        "Age", 
        "YearsWithCurrManager", 
        "WorkLifeBalance", 
        "BusinessTravel", 
        "JobSatisfaction", 
        "HourlyRate", 
        "EducationField", 
        "JobRole", 
        "NumCompaniesWorked", 
        "YearsInCurrentRole", 
        "YearsAtCompany", 
        "TrainingTimesLastYear", 
        "MonthlyIncome", 
        "StandardHours", 
        "DistanceFromHome", 
        "EmployeeNumber", 
        "Attrition", 
        "Education"
    ]
}