{
    "details": {
        "EducationField": {
            "levels": [
                "Life Sciences", 
                "Medical", 
                "Marketing", 
                "Technical Degree", 
                "Other", 
                "Human Resources"
            ], 
            "with_others": true
        }, 
        "MaritalStatus": {
            "levels": [
                "Married", 
                "Single", 
                "Divorced"
            ], 
            "with_others": true
        }, 
        "StockOptionLevel": {
            "levels": [
                "0", 
                "1", 
                "2"
            ], 
            "with_others": true
        }, 
        "Gender": {
            "levels": [
                "Male", 
                "Female"
            ], 
            "with_others": true
        }, 
        "PerformanceRating": {
            "levels": [
                "3"
            ], 
            "with_others": true
        }, 
        "OverTime": {
            "levels": [
                "No", 
                "Yes"
            ], 
            "with_others": true
        }, 
        "BusinessTravel": {
            "levels": [
                "Travel_Rarely", 
                "Travel_Frequently", 
                "Non-Travel"
            ], 
            "with_others": true
        }, 
        "Department": {
            "levels": [
                "Research & Development", 
                "Sales", 
                "Human Resources"
            ], 
            "with_others": true
        }, 
        "JobLevel": {
            "levels": [
                "1", 
                "2", 
                "3", 
                "4"
            ], 
            "with_others": true
        }, 
        "JobRole": {
            "levels": [
                "Sales Executive", 
                "Research Scientist", 
                "Laboratory Technician", 
                "Healthcare Representative", 
                "Manufacturing Director", 
                "Manager", 
                "Sales Representative", 
                "Research Director", 
                "Human Resources"
            ], 
            "with_others": true
        }, 
        "Education": {
            "levels": [
                "Bachelor", 
                "Master", 
                "College", 
                "Bellow College", 
                "Doctor"
            ], 
            "with_others": true
        }
    }
}