{
  "dashboardAuthorizations": {
    "allAuthorized": false,
    "authorizations": []
  },
  "exposedObjects": {
    "objects": []
  },
  "projectType": "REGULAR",
  "owner": "admin",
  "permissions": [],
  "additionalDashboardUsers": {
    "users": []
  },
  "tutorialProject": false,
  "settings": {
    "flowAnchorSourcesAndSinks": true,
    "gitCommitMode": "AUTO",
    "disableAutomaticTriggers": false,
    "integrations": {
      "integrations": []
    },
    "flowBuildSettings": {
      "mergeSparkPipelines": false,
      "pruneBeforeSparkPipelines": true,
      "mergeSqlPipelines": false,
      "pruneBeforeSqlPipelines": true
    },
    "limitsSettings": {
      "memSampleBytes": {
        "soft": -1,
        "hard": -1
      },
      "shakerMemTableBytes": {
        "soft": -1,
        "hard": -1
      },
      "attachmentBytes": {
        "soft": -1,
        "hard": -1
      }
    },
    "relocationSettings": {
      "sqlLikeRecipesInitializationMode": "RESOLVED_TABLE_REFERENCES"
    },
    "recipeEnginesPreferences": {
      "forbiddenEngines": [],
      "enginesPreferenceOrder": [],
      "forbiddenByRecipeType": {},
      "preferenceByRecipeType": {}
    },
    "codeEnvs": {
      "python": {
        "useBuiltinEnv": true,
        "preventOverride": false
      },
      "r": {
        "useBuiltinEnv": true,
        "preventOverride": false
      }
    },
    "container": {
      "containerMode": "NONE"
    },
    "datasetsCreationSettings": {
      "useGlobal": true,
      "preferedStorageFormats": "CSV_ESCAPING_NOGZIP_FORHIVE,CSV_EXCEL_GZIP,PARQUET_HIVE",
      "virtualizable": false,
      "allowUploadsWithoutConnection": true
    },
    "hiveEngineCreationSettings": {
      "useGlobal": true,
      "executionEngine": "HIVECLI_LOCAL"
    },
    "sparkEngineCreationSettings": {
      "useGlobal": true,
      "executionEngine": "SPARK_SUBMIT",
      "useGlobalMetastore": false
    },
    "impalaEngineCreationSettings": {
      "useGlobal": true,
      "streamMode": true
    },
    "wikiSettings": {
      "promoted": false
    },
    "cluster": {
      "clusterMode": "INHERIT"
    },
    "k8sCluster": {
      "clusterMode": "INHERIT"
    },
    "virtualWebAppBackendSettings": {
      "mode": "INHERIT",
      "preventOverride": false,
      "infra": {
        "containerSelection": {
          "containerMode": "INHERIT"
        },
        "overrideGlobalK8sExposition": false,
        "exposition": {
          "type": "local_process",
          "params": {}
        },
        "scaling": {
          "initialReplicas": 1,
          "hpa": false,
          "hpaTargetCPUPercent": 0,
          "hpaMinPods": 0,
          "hpaMaxPods": 0
        }
      }
    }
  },
  "name": "Employee Attrition \u0026 Performance",
  "imgPattern": 3,
  "showInitials": false,
  "metrics": {
    "probes": [],
    "engineConfig": {
      "padRunsWithMetrics": false,
      "hive": {
        "active": true,
        "extraConf": []
      },
      "basic": {},
      "dss": {
        "active": true,
        "selection": {
          "useMemTable": false,
          "filter": {
            "distinct": false,
            "enabled": false
          },
          "partitionSelectionMethod": "ALL",
          "latestPartitionsN": 1,
          "ordering": {
            "enabled": false,
            "rules": []
          },
          "samplingMethod": "FULL",
          "maxRecords": -1,
          "targetRatio": 0.02,
          "withinFirstN": -1,
          "maxReadUncompressedBytes": -1
        }
      },
      "sql": {
        "active": true
      },
      "impala": {
        "active": true
      },
      "spark": {
        "active": true,
        "extraConf": []
      },
      "python": {}
    },
    "displayedState": {
      "columns": [],
      "metrics": []
    }
  },
  "metricsChecks": {
    "runOnBuild": false,
    "checks": [],
    "displayedState": {
      "checks": []
    }
  },
  "versionTag": {
    "versionNumber": 16,
    "lastModifiedBy": {
      "login": "admin"
    },
    "lastModifiedOn": 1586871767967
  },
  "creationTag": {
    "versionNumber": 0,
    "lastModifiedBy": {
      "login": "admin"
    },
    "lastModifiedOn": 1586794451890
  },
  "description": "## HR Analytics Employee Attrition \u0026 Performance\n\nPredict attrition of your valuable employees\n\n**Description** \nUncover the factors that lead to employee attrition and explore important questions such as ‘show me a breakdown of distance from home by job role and attrition’ or ‘compare average monthly income by education and attrition’. This is a fictional data set created by IBM data scientists.\n\n **Source**\n [ https://www.kaggle.com/pavansubhasht/ibm-hr-analytics-attrition-dataset](https://www.kaggle.com/pavansubhasht/ibm-hr-analytics-attrition-dataset)\n\n**Explanation**\nEducation\n1 \u0027Below College\u0027\n2 \u0027College\u0027\n3 \u0027Bachelor\u0027\n4 \u0027Master\u0027\n5 \u0027Doctor\u0027\n\nEnvironmentSatisfaction\n1 \u0027Low\u0027\n2 \u0027Medium\u0027\n3 \u0027High\u0027\n4 \u0027Very High\u0027\n\nJobInvolvement\n1 \u0027Low\u0027\n2 \u0027Medium\u0027\n3 \u0027High\u0027\n4 \u0027Very High\u0027\n\nJobSatisfaction\n1 \u0027Low\u0027\n2 \u0027Medium\u0027\n3 \u0027High\u0027\n4 \u0027Very High\u0027\n\nPerformanceRating\n1 \u0027Low\u0027\n2 \u0027Good\u0027\n3 \u0027Excellent\u0027\n4 \u0027Outstanding\u0027\n\nRelationshipSatisfaction\n1 \u0027Low\u0027\n2 \u0027Medium\u0027\n3 \u0027High\u0027\n4 \u0027Very High\u0027\n\nWorkLifeBalance\n1 \u0027Bad\u0027\n2 \u0027Good\u0027\n3 \u0027Better\u0027\n4 \u0027Best\u0027",
  "shortDesc": "The project *Employee Attrition \u0026 Performance* was created by Fabian Müller on Apr 13th 2020",
  "tags": [
    "xai"
  ],
  "customFields": {},
  "checklists": {
    "checklists": [
      {
        "id": "d99f46",
        "title": "Todo list",
        "createdOn": 0,
        "items": [
          {
            "done": true,
            "text": "Load raw data",
            "createdOn": 1586871732075,
            "createdBy": "admin",
            "stateChangedOn": 0
          },
          {
            "done": true,
            "text": "Prepare data for model",
            "createdOn": 1586871738028,
            "createdBy": "admin",
            "stateChangedOn": 0
          },
          {
            "done": true,
            "text": "Try out first model",
            "createdOn": 1586871743248,
            "createdBy": "admin",
            "stateChangedOn": 0
          },
          {
            "done": true,
            "text": "Optimize hyperparameters",
            "createdOn": 1586871752685,
            "createdBy": "admin",
            "stateChangedOn": 0
          },
          {
            "done": false,
            "text": "Interpret model",
            "createdOn": 1586871757287,
            "createdBy": "admin",
            "stateChangedOn": 0
          },
          {
            "done": false,
            "text": "Deploy model",
            "createdOn": 1586871767930,
            "createdBy": "admin",
            "stateChangedOn": 0
          }
        ]
      }
    ]
  }
}